4137.0449803292349,1647.8389834928448,1.2533027631698825e-28,0.0,0.0,0.0
3369.4460755817699,1498.4908145158106,1.3410635388757201e-29,0.0,0.0,0.0
4811.6413574237404,1899.1460656256329,1.270066057405829e-28,0.0,0.0,0.0
3610.2971366884967,1606.1065511830989,1.2641496006166714e-28,0.0,0.0,0.0
4210.590479919354,1511.4898194846046,9.3677232494995152e-30,0.0,0.0,0.0
3519.018777457607,1504.9048557975925,6.5771277972801859e-29,0.0,0.0,0.0
3474.3349654333897,1572.0139706672728,6.8532291141075401e-29,0.0,0.0,0.0
4389.3611125716097,1602.4453555556327,6.9912797725212171e-29,0.0,0.0,0.0
4210.4161752542632,1702.2299530021435,6.9814190112059545e-29,0.0,0.0,0.0
3342.3790280895746,1605.8550652469157,1.2651356767481977e-28,0.0,0.0,0.0
4415.7634642490975,1711.4927091044929,6.9222544433143786e-29,0.0,0.0,0.0
4401.0408790552801,1766.8875716714272,1.8045193206930645e-29,0.0,0.0,0.0
3919.2278873807786,1651.6570901132143,7.7702799164269663e-29,0.0,0.0,0.0
4172.2012664137719,1967.4292816409404,1.9189041519501112e-28,0.0,0.0,0.0
3022.7428395291186,1298.1564627638024,6.5278239907038727e-29,0.0,0.0,0.0
5007.7334878576085,2120.1217174795852,1.955388968816583e-28,0.0,0.0,0.0
5535.3145598056308,2109.3131370962628,7.3166848959248845e-29,0.0,0.0,0.0
4853.726845110129,1963.1824690081235,8.0266597106237951e-29,0.0,0.0,0.0
4546.3282041593748,1835.4428077241637,1.802547168430012e-28,0.0,0.0,0.0
4342.5443533083708,1643.5071607527645,6.5081024680733474e-29,0.0,0.0,0.0
3898.819642258914,1715.4010309336365,1.5086964812351851e-29,0.0,0.0,0.0
4291.4821756699594,1819.4032088846807,1.567861049126761e-29,0.0,0.0,0.0
4309.3339683396889,1741.0154992730718,7.6913938259048651e-29,0.0,0.0,0.0
3838.9484342310316,1577.0796265628235,1.2473863063807249e-28,0.0,0.0,0.0
4123.922224061108,1705.9447113730721,6.9518367272601665e-29,0.0,0.0,0.0
4415.0581732897635,1867.385776388069,7.1096089083043689e-29,0.0,0.0,0.0
4738.8760955174212,1789.4109142845609,1.236539468933936e-28,0.0,0.0,0.0
4073.6685776613908,1475.4754998345791,7.6618115419590772e-29,0.0,0.0,0.0
3384.9315393732554,1448.959819664818,7.750558393796441e-29,0.0,0.0,0.0
4418.4269490469014,1810.6176244457838,6.6855961717480751e-29,0.0,0.0,0.0
3621.8288607233198,1358.9498733656085,1.3312027775604574e-29,0.0,0.0,0.0
4019.6264592623361,1893.0122983646741,7.2871026119790966e-29,0.0,0.0,0.0
4081.4174581558282,1722.7027379397146,1.2444280779861461e-28,0.0,0.0,0.0
3950.1654573900628,1652.874807400199,1.5185572425504477e-29,0.0,0.0,0.0
4704.5888725026489,1660.0099482106418,1.2276647837501996e-28,0.0,0.0,0.0
4392.5438811753611,1512.9790756846833,7.6716723032743398e-29,0.0,0.0,0.0
3529.0000886824187,1644.6401693304119,7.050444340412793e-29,0.0,0.0,0.0
4974.364461043825,1907.9440807476774,1.2720382096688815e-29,0.0,0.0,0.0
4053.3103061583879,1765.8575313876308,6.8926721593685906e-29,0.0,0.0,0.0
4477.6482126317442,1690.0392677735817,7.1983557601417327e-29,0.0,0.0,0.0
4754.8493328561235,2005.6964044070471,1.2868293516417755e-28,0.0,0.0,0.0
4945.0585563601098,1877.4019253183335,1.2799268187210917e-28,0.0,0.0,0.0
4675.1283113569698,1822.3230622065148,7.1293304309348942e-29,0.0,0.0,0.0
3952.2931751161459,1571.4677077515587,1.2266787076186734e-28,0.0,0.0,0.0
4038.9812225939486,1578.6843996390278,1.4199496293978212e-29,0.0,0.0,0.0
4144.2549862583646,1701.029055009707,1.2621774483536189e-28,0.0,0.0,0.0
5542.7911899820792,1975.7795132775773,1.2730242858004078e-28,0.0,0.0,0.0
3759.3773351964778,1678.4997208420841,7.1096089083043689e-29,0.0,0.0,0.0
3779.2000964498793,1554.171436494986,1.2434420018546199e-28,0.0,0.0,0.0
3913.0662485546977,1605.5619904264697,1.8202965387974847e-28,0.0,0.0,0.0
4845.3896609669309,1755.2558842798451,8.0759635172001084e-29,0.0,0.0,0.0
3704.4872168497,1399.7058909147656,1.4988357199199224e-29,0.0,0.0,0.0
4200.0413312870542,1630.509519325002,1.2720382096688815e-29,0.0,0.0,0.0
4617.3128671275708,1913.5828798366122,1.2296369360132522e-28,0.0,0.0,0.0
2987.5986168821114,1321.8409185252017,6.547545513334398e-29,0.0,0.0,0.0
5877.8681739332651,2006.100944059333,7.6716723032743398e-29,0.0,0.0,0.0
3896.3227486838932,1547.7222154508372,6.6757354104328124e-29,0.0,0.0,0.0
3649.2802741443143,1624.4552703558038,1.2710521335373553e-28,0.0,0.0,0.0
4105.5931404394432,1729.0197996865891,7.3364064185554098e-29,0.0,0.0,0.0
3417.7901628434156,1411.8882668459087,6.6067100812259739e-29,0.0,0.0,0.0
3843.3021586956606,1688.5220296664602,1.8124079297452746e-28,0.0,0.0,0.0
4964.9075464383413,1748.4463670945988,7.7604191551117036e-29,0.0,0.0,0.0
3848.3481595030339,1559.9383204250853,1.2207622508295158e-28,0.0,0.0,0.0
4891.5814296399603,1935.6301363336038,7.0997481469891062e-29,0.0,0.0,0.0
5641.9235096995099,2169.6277614232827,1.8380459091649575e-28,0.0,0.0,0.0
4338.9923804547097,1758.4752853695018,1.4100888680825586e-29,0.0,0.0,0.0
4713.3167195216447,1815.2994937885896,1.2296369360132522e-28,0.0,0.0,0.0
3776.1079209325903,1579.3962440331288,1.2434420018546199e-28,0.0,0.0,0.0
3641.9172316279078,1577.3334878860614,1.270066057405829e-28,0.0,0.0,0.0
3461.3001767028204,1300.4368191917856,6.4883809454428221e-29,0.0,0.0,0.0
4614.118825026675,1795.5830490131339,1.8015610922984857e-28,0.0,0.0,0.0
4486.3558235151795,1504.6782720127549,6.4390771388665089e-29,0.0,0.0,0.0
3845.9289911537153,1595.1670063792044,6.6757354104328124e-29,0.0,0.0,0.0
4196.6550578959705,1522.4450135235813,1.2375255450654623e-28,0.0,0.0,0.0
4970.0658235460596,1925.8499934022191,1.2621774483536189e-28,0.0,0.0,0.0
4073.8165777920744,1553.8054661978745,1.5086964812351851e-29,0.0,0.0,0.0
4446.3843694346142,1894.5278667966331,7.5237608835454001e-29,0.0,0.0,0.0
3691.6705676998572,1604.5930395718428,1.0649622220483659e-29,0.0,0.0,0.0
4549.9690348590411,1765.2808812192934,1.6171648557030742e-29,0.0,0.0,0.0
4462.0690123701634,1569.8419639846368,1.0057976541567901e-29,0.0,0.0,0.0
4062.6814920229554,1932.866862273316,7.4054317477622483e-29,0.0,0.0,0.0
3962.8133271808038,1725.0826187969799,6.9321152046296412e-29,0.0,0.0,0.0
3909.0225149964185,1806.3687878913097,7.2377988054027833e-29,0.0,0.0,0.0
3639.5774972062859,1537.1902978746159,1.8114218536137484e-28,0.0,0.0,0.0
4532.7527660568167,1766.6493683123595,1.8104357774822221e-28,0.0,0.0,0.0
3633.6767068361369,1601.234302850374,7.0011405338364798e-29,0.0,0.0,0.0
4735.0728407569868,1800.681847661971,1.2542888393014088e-28,0.0,0.0,0.0
4262.4690870141158,1564.5896078253679,6.8532291141075401e-29,0.0,0.0,0.0
3922.9373242498746,1648.5656149328006,6.5968493199107112e-29,0.0,0.0,0.0
4942.9001390527237,1766.9951698827249,6.6757354104328124e-29,0.0,0.0,0.0
3968.5254332627169,1539.609477372692,1.2118875656457794e-28,0.0,0.0,0.0
4392.5379440244669,1721.0932820329806,6.8532291141075401e-29,0.0,0.0,0.0
4231.5026001707138,1622.503844596572,1.2533027631698825e-28,0.0,0.0,0.0
4255.0701413425741,1777.0379252259049,6.7940645462159642e-29,0.0,0.0,0.0
4440.6884467153495,1622.6664921887968,6.882811398053328e-29,0.0,0.0,0.0
5021.164411535502,1864.7057341170857,1.2611913722220926e-28,0.0,0.0,0.0
3050.0481109987977,1197.0647584133494,7.2969633732943592e-30,0.0,0.0,0.0
4419.9737287968665,1714.0583630545152,1.2799268187210917e-28,0.0,0.0,0.0
3992.8105720186531,1697.079735639117,1.2286508598817259e-28,0.0,0.0,0.0
3606.1728719970693,1524.6790080884948,1.2720382096688815e-29,0.0,0.0,0.0
4962.3531020295641,1970.1236572533533,7.3068241346096218e-29,0.0,0.0,0.0
2881.2100164686922,1255.0440382518013,6.350330287029145e-29,0.0,0.0,0.0
5028.1734435860317,1936.8244963259208,7.1194696696196315e-29,0.0,0.0,0.0
3777.7712746760922,1537.0470838357467,6.6954569330633377e-29,0.0,0.0,0.0
3834.9115155957707,1596.1274361133321,1.2385116211969885e-28,0.0,0.0,0.0
4162.0906899234442,1713.1800108803684,1.8094497013506958e-28,0.0,0.0,0.0
5096.80461395151,2056.9612141460925,1.6467471396488621e-29,0.0,0.0,0.0
3825.8403256479946,1576.8218059726532,1.8370598330334312e-28,0.0,0.0,0.0
3767.2680994611733,1623.4590106531705,7.7604191551117036e-29,0.0,0.0,0.0
4431.7904012342242,1687.6729685556411,1.236539468933936e-28,0.0,0.0,0.0
4037.3032532447851,1692.9535552974255,6.9321152046296412e-29,0.0,0.0,0.0
3643.3953233365087,1668.5895728736193,7.0405835790975304e-29,0.0,0.0,0.0
4392.4347190665012,1590.2546509598783,7.0011405338364798e-29,0.0,0.0,0.0
4571.1757551513092,1742.0007458047596,1.8124079297452746e-28,0.0,0.0,0.0
3825.8686539228761,1585.9467058038892,1.3312027775604574e-29,0.0,0.0,0.0
4040.8518954895899,1776.8562473904844,7.3068241346096218e-29,0.0,0.0,0.0
3514.2155699674272,1631.8922132741652,6.7546215009549136e-29,0.0,0.0,0.0
4507.2008811931828,1991.4969374186917,1.2730242858004078e-28,0.0,0.0,0.0
4137.037088534852,1536.1589274448354,1.2197761746979895e-28,0.0,0.0,0.0
3476.3581710006688,1507.6718336667757,6.5968493199107112e-29,0.0,0.0,0.0
4573.2119639185003,1707.2297573226299,1.2385116211969885e-28,0.0,0.0,0.0
4651.2111594406333,1835.9620635607832,1.2473863063807249e-28,0.0,0.0,0.0
4094.9979500286331,1788.102796078492,1.7956446355093281e-28,0.0,0.0,0.0
4615.3519024220122,1784.335171018721,1.3164116355875635e-28,0.0,0.0,0.0
4249.0473994148742,1626.3112889268705,6.715178455693863e-29,0.0,0.0,0.0
4133.3593151089954,1643.5947114143296,6.9419759659449039e-29,0.0,0.0,0.0
4825.233071836311,1817.8859501509185,1.2799268187210917e-28,0.0,0.0,0.0
3514.9611845929026,1283.2758297425466,6.350330287029145e-29,0.0,0.0,0.0
4526.0592229839822,1767.4950718084301,6.9518367272601665e-29,0.0,0.0,0.0
3964.5846677828795,1683.5318698817507,1.1635698352009924e-29,0.0,0.0,0.0
3770.2870718222061,1513.9461443779821,1.2720382096688815e-29,0.0,0.0,0.0
3520.1528698915008,1428.3143674333357,6.5869885585954486e-29,0.0,0.0,0.0
4058.9876782115853,1641.2696865779296,6.9814190112059545e-29,0.0,0.0,0.0
4413.7443047488487,1754.2533489986956,6.6658746491175498e-29,0.0,0.0,0.0
4091.5329982766375,1492.4995160592309,1.0846837446788912e-29,0.0,0.0,0.0
4726.9568251343526,1924.3607277395511,8.085824278515371e-29,0.0,0.0,0.0
3531.6052399686714,1498.2577754985678,1.2197761746979895e-28,0.0,0.0,0.0
4785.0723155215055,1661.7738042870944,1.318383787850616e-28,0.0,0.0,0.0
4046.488639556917,1736.180749489379,6.7743430235854389e-29,0.0,0.0,0.0
4030.4240654602972,1708.4426955621711,7.0997481469891062e-29,0.0,0.0,0.0
4724.1885872864159,1916.755719982375,7.218077282772258e-29,0.0,0.0,0.0
3124.1522761997803,1513.0512583760635,9.6635460889573946e-30,0.0,0.0,0.0
3614.7360764871314,1535.4075510300511,1.270066057405829e-28,0.0,0.0,0.0
4094.151940831267,1594.3298353361961,1.2187900985664632e-28,0.0,0.0,0.0
3554.153718456108,1489.8894277515012,6.6757354104328124e-29,0.0,0.0,0.0
3616.3503033215566,1503.1521574582914,7.0208620564670051e-29,0.0,0.0,0.0
4792.2183453291309,1698.2484821378746,1.2434420018546199e-28,0.0,0.0,0.0
5543.270768433069,1916.3775966434966,1.2523166870383562e-28,0.0,0.0,0.0
3732.9015611796185,1467.4718719575969,6.882811398053328e-29,0.0,0.0,0.0
4850.2102470606887,1973.0148785736671,1.7936724832462756e-28,0.0,0.0,0.0
4072.2310802416673,1608.2553617039421,7.0997481469891062e-29,0.0,0.0,0.0
3525.5294224916561,1584.4684646020962,1.2690799812743027e-28,0.0,0.0,0.0
4317.4184241033972,1675.8029390451322,6.6560138878022871e-29,0.0,0.0,0.0
4461.0083413816537,1796.301607248537,1.9021408577141647e-28,0.0,0.0,0.0
4104.5662498029787,1798.3867719142186,7.7604191551117036e-29,0.0,0.0,0.0
4253.1846717329017,1629.6351864909636,1.6073040943878116e-29,0.0,0.0,0.0
4977.397279638677,1782.3346810527694,6.8335075914770148e-29,0.0,0.0,0.0
4222.640621456294,1533.1156405061458,7.0898873856738436e-29,0.0,0.0,0.0
4674.5490982186784,1752.267653329619,1.8015610922984857e-28,0.0,0.0,0.0
4875.4126323071578,1756.507518831947,6.7644822622701762e-29,0.0,0.0,0.0
4311.722284724573,1875.2459746872835,1.8311433762442737e-28,0.0,0.0,0.0
3559.6809697133926,1421.7722253951795,6.9518367272601665e-29,0.0,0.0,0.0
4484.250726147925,1743.3479019795268,7.9280520974711686e-29,0.0,0.0,0.0
4979.7838786385892,1863.1316602889121,1.8015610922984857e-28,0.0,0.0,0.0
4176.1186525601297,1741.1012028913049,6.8433683527922774e-29,0.0,0.0,0.0
4180.4404666348801,1850.6371683366929,7.1983557601417327e-29,0.0,0.0,0.0
4053.2171597704337,1505.6238381483788,6.51796322938861e-29,0.0,0.0,0.0
4538.3851080826507,1845.1265682201606,1.6073040943878116e-29,0.0,0.0,0.0
4052.459575777727,1548.9805382461234,6.9616974885754292e-29,0.0,0.0,0.0
4842.7359667064502,1851.7708041402077,7.2082165214569954e-29,0.0,0.0,0.0
4026.112506512874,1657.4003499590287,1.2276647837501996e-28,0.0,0.0,0.0
4076.7099461328526,1717.2219992673395,1.0945445059941539e-29,0.0,0.0,0.0
4460.5173343099359,1644.2913163344149,1.7857838741940655e-28,0.0,0.0,0.0
3906.0152777763851,1457.4813839834133,1.5086964812351851e-29,0.0,0.0,0.0
3556.840688455748,1404.5472904042299,6.4390771388665089e-29,0.0,0.0,0.0
4577.1061503847495,1702.9063476501831,1.2917597322994068e-29,0.0,0.0,0.0
4004.5178339659396,1728.5175702914639,1.2592192199590401e-28,0.0,0.0,0.0
4198.0816578078684,1779.3645850583348,7.1194696696196315e-29,0.0,0.0,0.0
4055.3049376646168,1473.2825654174076,1.1931521191467804e-29,0.0,0.0,0.0
4125.2829476614706,1672.793418566625,1.2789407425895654e-28,0.0,0.0,0.0
4192.1606088026256,1754.1135512112492,1.2444280779861461e-28,0.0,0.0,0.0
4903.5313255698884,1925.9549910895471,7.3955709864469857e-29,0.0,0.0,0.0
5181.978208232551,1895.3498052621742,6.9518367272601665e-29,0.0,0.0,0.0
4467.1015642952325,1648.7736909994724,6.6461531264870245e-29,0.0,0.0,0.0
4417.8226761560063,1717.0244875620429,7.3659887025011977e-29,0.0,0.0,0.0
5505.1170155829468,1892.2259779222045,7.0208620564670051e-29,0.0,0.0,0.0
3907.5108627172567,1572.8108153914197,1.4889749586046598e-29,0.0,0.0,0.0
3567.3225145064789,1702.8263631417278,1.4100888680825586e-29,0.0,0.0,0.0
3720.7153039965478,1491.2659108329219,1.2276647837501996e-28,0.0,0.0,0.0
4184.051787674829,1680.8352907159367,1.2602052960905664e-28,0.0,0.0,0.0
3936.4869754867755,1472.989706318908,6.7842037849007015e-29,0.0,0.0,0.0
3992.590021204418,1624.1356569122786,6.6658746491175498e-29,0.0,0.0,0.0
4132.5396530549979,1737.7359076059693,1.2375255450654623e-28,0.0,0.0,0.0
5213.4693717437149,1771.9262585843715,6.8335075914770148e-29,0.0,0.0,0.0
4404.5957962964048,1671.8620050989002,1.2542888393014088e-28,0.0,0.0,0.0
4339.7580183376858,1858.2358819344483,1.270066057405829e-28,0.0,0.0,0.0
4198.827248295418,1801.3713059873546,1.2651356767481977e-28,0.0,0.0,0.0
4882.1432817570967,1825.7717655997624,1.2266787076186734e-28,0.0,0.0,0.0
4300.5597899693694,1615.8357043936223,6.6560138878022871e-29,0.0,0.0,0.0
4568.6815992363945,1691.0364459945665,6.9419759659449039e-29,0.0,0.0,0.0
4328.0793254876016,1501.3986183632114,1.2207622508295158e-28,0.0,0.0,0.0
3722.1798734602271,1340.4119447213916,1.4495319133436092e-29,0.0,0.0,0.0
2702.6811411762956,1182.7635238430844,1.1339875512552045e-29,0.0,0.0,0.0
3631.0266406765541,1451.1028504234878,7.0997481469891062e-29,0.0,0.0,0.0
4560.3853528297786,1751.6292100874448,2.3547498020847202e-28,0.0,0.0,0.0
3665.5912355670948,1412.8276430202463,7.0405835790975304e-29,0.0,0.0,0.0
4575.0992734709889,1513.9283575369616,1.400228106767296e-29,0.0,0.0,0.0
2987.960160972169,1270.3623731367372,1.2621774483536189e-29,0.0,0.0,0.0
4301.4067233430469,1497.323512413119,6.9419759659449039e-29,0.0,0.0,0.0
4028.8589793273036,1734.661335584824,7.2969633732943592e-29,0.0,0.0,0.0
4480.0432506235893,1685.2580458533689,6.9518367272601665e-29,0.0,0.0,0.0
3212.3124473128646,1274.2370142796885,6.8433683527922774e-29,0.0,0.0,0.0
3243.985573460548,1238.1429304773965,8.0266597106237951e-29,0.0,0.0,0.0
3960.9003601662134,1366.0207538043587,6.882811398053328e-29,0.0,0.0,0.0
3135.5560138103438,1380.6370392913252,6.8630898754228027e-29,0.0,0.0,0.0
3087.2929987224929,1154.9662401637988,2.1397852054119945e-29,0.0,0.0,0.0
2810.4172662354349,1095.8466281189346,6.882811398053328e-29,0.0,0.0,0.0
3552.8907236996661,1333.3454649595815,6.9419759659449039e-29,0.0,0.0,0.0
3425.5869095127041,1367.7491346820564,1.2533027631698825e-28,0.0,0.0,0.0
3497.5342921530046,1570.2440535455153,1.2355533928024097e-28,0.0,0.0,0.0
3657.1615632684975,1331.2351541660494,1.2414698495915673e-28,0.0,0.0,0.0
3949.738105089134,1441.3177850616548,6.8729506367380654e-29,0.0,0.0,0.0
2497.8667989870114,1102.6985421792576,2.0806206375204186e-29,0.0,0.0,0.0
3184.6427786157296,1366.4825105869295,7.3955709864469857e-29,0.0,0.0,0.0
3267.8152611759892,1353.5630852354714,1.3607850615062454e-29,0.0,0.0,0.0
3308.9568507298204,1251.9929379658618,1.1931521191467804e-29,0.0,0.0,0.0
3371.5786020364503,1296.704038167705,1.4396711520283465e-29,0.0,0.0,0.0
4498.7164572751662,1742.4082441779135,1.8291712239812211e-28,0.0,0.0,0.0
4090.0041564718726,1622.7421694536408,7.1293304309348942e-29,0.0,0.0,0.0
4146.6955891347652,1578.7201568574242,1.5086964812351851e-29,0.0,0.0,0.0
3408.8096074253476,1468.3909155328213,1.3509243001909827e-29,0.0,0.0,0.0
3516.8683599213869,1297.7991843802463,7.5237608835454001e-29,0.0,0.0,0.0
3490.9460656302149,1380.4826480771785,7.0997481469891062e-29,0.0,0.0,0.0
4121.1182830542075,1559.9804240137187,1.8035332445615382e-28,0.0,0.0,0.0
4209.2365038131638,1537.4291488835634,1.2345673166708835e-28,0.0,0.0,0.0
3046.2838258571414,1215.0527903805989,1.2661217528797239e-28,0.0,0.0,0.0
3263.5558852651534,1265.847042099967,7.582925451436976e-29,0.0,0.0,0.0
4266.0228357110664,1896.2580401279993,1.2986622652200907e-28,0.0,0.0,0.0
4073.9875862691242,1663.9786894636088,1.8193104626659585e-28,0.0,0.0,0.0
3646.0549537295797,1359.7505703394256,7.0011405338364798e-29,0.0,0.0,0.0
3881.3776275759355,1556.875233230732,6.6067100812259739e-29,0.0,0.0,0.0
3476.0452144638557,1573.3822994803872,6.8433683527922774e-29,0.0,0.0,0.0
3851.6100427432179,1489.5834436745449,2.2285320572493584e-29,0.0,0.0,0.0
2978.7641415385674,1219.0160549204841,1.2266787076186734e-28,0.0,0.0,0.0
3105.9837323268789,1213.4846848706534,1.2611913722220926e-28,0.0,0.0,0.0
3270.613354583154,1198.9755421822122,1.2355533928024097e-28,0.0,0.0,0.0
3022.5057608029133,1257.6965594185992,7.0307228177822677e-29,0.0,0.0,0.0
4169.1500076439024,1500.9382659260893,6.8335075914770148e-29,0.0,0.0,0.0
3353.6054626649943,1325.9023495337776,6.6757354104328124e-29,0.0,0.0,0.0
4533.1096467874986,1603.4919081275484,1.2345673166708835e-28,0.0,0.0,0.0
3284.4785903411612,1401.5036381606724,1.2256926314871471e-28,0.0,0.0,0.0
3182.8624396809173,1195.2102669948226,1.2089293372512006e-28,0.0,0.0,0.0
3437.9719288056099,1384.6081653642682,7.4843178382843495e-29,0.0,0.0,0.0
3217.2812379717575,1094.0514861612544,7.1096089083043689e-29,0.0,0.0,0.0
4235.838713193385,1400.976330829596,1.2375255450654623e-28,0.0,0.0,0.0
4067.3220705220424,1593.6162959406577,7.2082165214569954e-29,0.0,0.0,0.0
3546.2414338437989,1535.0634521258264,1.2523166870383562e-28,0.0,0.0,0.0
3333.956780541655,1235.7708279796236,6.7053176943786003e-29,0.0,0.0,0.0
2949.732226105114,1197.3924514425398,1.2020268043305167e-28,0.0,0.0,0.0
3458.888003601036,1423.6776975046873,1.8952383247934809e-28,0.0,0.0,0.0
2942.0719901148864,1283.2762485278233,1.1734305965162551e-29,0.0,0.0,0.0
3009.8532605225823,1167.2419585662299,6.9616974885754292e-29,0.0,0.0,0.0
4459.2969586672043,1535.0630904109228,1.2434420018546199e-28,0.0,0.0,0.0
4027.6072370995316,1591.6684005139441,1.7453547528014886e-29,0.0,0.0,0.0
3946.1185879648669,1444.8275856830533,7.0898873856738436e-29,0.0,0.0,0.0
3120.9023316795501,1100.5311354749845,7.218077282772258e-29,0.0,0.0,0.0
3676.5249027931254,1461.3199150699929,6.6757354104328124e-29,0.0,0.0,0.0
3307.9691417480558,1231.3425148344634,1.2335812405393572e-28,0.0,0.0,0.0
4175.2354955019382,1559.5970313850498,1.9198902280816375e-28,0.0,0.0,0.0
2984.9103732049966,1198.1857918452804,6.7546215009549136e-29,0.0,0.0,0.0
2882.7936145241356,1292.6726309855649,6.9419759659449039e-29,0.0,0.0,0.0
2972.4941516744907,1108.9565300635991,1.3114812549299321e-29,0.0,0.0,0.0
2889.3513989415337,1229.7561223870096,7.0997481469891062e-29,0.0,0.0,0.0
3619.5650121165036,1291.3274497243474,1.4298103907130839e-29,0.0,0.0,0.0
4302.2002755077665,1617.0488754890489,1.2730242858004078e-28,0.0,0.0,0.0
4266.0264172338393,1417.2222272841686,6.7644822622701762e-29,0.0,0.0,0.0
3975.430144422452,1366.5582679358718,6.51796322938861e-29,0.0,0.0,0.0
3533.1960163402255,1525.3855380410446,1.5875825717572863e-29,0.0,0.0,0.0
3533.9456728085943,1411.0371373408329,1.3676875944269292e-28,0.0,0.0,0.0
4527.174611626916,1644.6623417196158,6.9321152046296412e-29,0.0,0.0,0.0
3100.8087325761089,1174.0405821961767,1.538278765180973e-29,0.0,0.0,0.0
4551.4076685980535,1563.0560918592059,7.1687734761959448e-29,0.0,0.0,0.0
3610.1407780153836,1321.7523467163703,1.2523166870383562e-28,0.0,0.0,0.0
3600.9379796401454,1360.3963691877348,1.0945445059941539e-29,0.0,0.0,0.0
4035.5718924094845,1646.4697439748165,7.0405835790975304e-29,0.0,0.0,0.0
3342.9844881037061,1530.9313431399105,1.2621774483536189e-28,0.0,0.0,0.0
3647.0751031847453,1458.2314052065531,1.4988357199199224e-29,0.0,0.0,0.0
4032.881121488922,1677.6399692175805,7.0307228177822677e-29,0.0,0.0,0.0
2781.3361416501571,1047.9374926006194,1.735493991486226e-29,0.0,0.0,0.0
4191.8529807323448,1532.3493997556234,7.5730646901217133e-29,0.0,0.0,0.0
3130.3904160321376,1086.3027446255355,6.5968493199107112e-29,0.0,0.0,0.0
3948.5605968698446,1414.4093264285639,1.3509243001909827e-29,0.0,0.0,0.0
4359.848699919381,1885.2314226290473,6.9518367272601665e-29,0.0,0.0,0.0
3647.3748984180365,1534.6007908756358,6.9518367272601665e-29,0.0,0.0,0.0
3819.4734381030039,1522.9149401079324,1.3607850615062454e-29,0.0,0.0,0.0
4350.8079686588317,1514.3838108775201,6.7743430235854389e-29,0.0,0.0,0.0
4122.3664923810538,1771.430677264972,1.8045193206930645e-28,0.0,0.0,0.0
3444.9115939419148,1442.1531534136845,1.7552155141167513e-29,0.0,0.0,0.0
4603.4646691223197,1708.1934938235354,7.247659566718046e-29,0.0,0.0,0.0
2963.7150310827997,1301.1092931298247,1.1635698352009924e-29,0.0,0.0,0.0
2953.6532298550378,1305.9360260825931,1.2611913722220926e-28,0.0,0.0,0.0
4093.6057262216368,1769.8046063576319,1.2779546664580391e-28,0.0,0.0,0.0
4193.6810306319076,1425.2491308620099,6.8729506367380654e-29,0.0,0.0,0.0
3714.1221911084695,1458.5811944733452,1.3805065841367707e-29,0.0,0.0,0.0
4170.0951565128371,1540.4787381491051,1.7157724688557007e-29,0.0,0.0,0.0
3576.5243968107729,1436.6236348580817,1.2631635244851452e-28,0.0,0.0,0.0
4000.3428716032804,1484.8500344936349,7.0208620564670051e-29,0.0,0.0,0.0
3234.1761490826202,1247.8488319546623,1.2631635244851452e-28,0.0,0.0,0.0
2944.4778826545594,1217.7096297305618,5.1670389291976273e-29,0.0,0.0,0.0
3722.7407216911652,1468.816662227789,1.2966901129570382e-28,0.0,0.0,0.0
4273.4015879611161,1558.1887341783192,7.0997481469891062e-29,0.0,0.0,0.0
3369.8869292537215,1368.3591617028583,6.6855961717480751e-29,0.0,0.0,0.0
3571.1650217563788,1222.5180599991486,6.9518367272601665e-29,0.0,0.0,0.0
3960.4413811526792,1367.9410336053932,9.8607613152626476e-30,0.0,0.0,0.0
3883.9874848729914,1389.2786750390746,1.2976761890885644e-28,0.0,0.0,0.0
2809.419394532506,1227.4875654492237,6.8729506367380654e-29,0.0,0.0,0.0
3131.0971338543618,1357.7039656527584,6.6757354104328124e-29,0.0,0.0,0.0
3485.0963040243091,1279.1576399978298,7.0208620564670051e-29,0.0,0.0,0.0
4376.1772175575288,1509.6562336578281,1.217804022434937e-28,0.0,0.0,0.0
3403.9147195080272,1583.9352759075311,1.8163522342713797e-28,0.0,0.0,0.0
2736.1800562298495,1169.299782906932,1.8114218536137484e-28,0.0,0.0,0.0
2749.2989360679549,1264.1547621516315,6.8630898754228027e-29,0.0,0.0,0.0
3663.3507219799449,1458.1414662378299,1.2109014895142531e-28,0.0,0.0,0.0
3735.057268906126,1570.6682732724944,1.2789407425895654e-28,0.0,0.0,0.0
3837.0551752601618,1485.8216836842596,9.0719004100416358e-30,0.0,0.0,0.0
4406.2520969799671,1642.4157372516725,7.0307228177822677e-29,0.0,0.0,0.0
4381.6922233130636,1704.3125887240408,1.270066057405829e-28,0.0,0.0,0.0
3998.4779576955548,1647.2977308291499,1.288801503904828e-28,0.0,0.0,0.0
3282.342067286118,1224.6596694927475,6.8729506367380654e-29,0.0,0.0,0.0
2972.3588568738351,1111.6893692591971,6.6461531264870245e-29,0.0,0.0,0.0
3657.5454844070109,1373.9088977760609,1.370645822821508e-29,0.0,0.0,0.0
4300.8487849742778,1700.3086286093019,1.4988357199199224e-29,0.0,0.0,0.0
3160.4593706487194,1249.84977435665,9.2691156363468887e-30,0.0,0.0,0.0
3766.7609838483772,1194.7728039476622,7.0208620564670051e-29,0.0,0.0,0.0
3304.3743667406156,1240.0271844301333,7.0307228177822677e-29,0.0,0.0,0.0
3473.7339165460885,1319.2009580722088,1.2444280779861461e-28,0.0,0.0,0.0
3581.2112361514751,1406.783967545995,6.6757354104328124e-29,0.0,0.0,0.0
3008.9360107269054,1212.6538623782351,6.8532291141075401e-29,0.0,0.0,0.0
3857.0682025551241,1413.9768339154343,1.0846837446788912e-29,0.0,0.0,0.0
4054.4120390022972,1524.3962266807919,7.080026624358581e-29,0.0,0.0,0.0
3588.6779305895279,1484.6220234027055,2.238392818564621e-29,0.0,0.0,0.0
4134.0644550587394,1341.5184485869352,1.2720382096688815e-29,0.0,0.0,0.0
2973.8075999762586,1101.4809003799417,9.7621537021100211e-30,0.0,0.0,0.0
3492.292220491478,1397.2271205565469,7.3462671798706724e-29,0.0,0.0,0.0
3063.6520222023332,1207.7105797612435,6.7250392170091256e-29,0.0,0.0,0.0
5000.3399199373007,1754.0398745768944,8.9732927968890093e-30,0.0,0.0,0.0
3546.1998448233603,1319.2552031448581,7.080026624358581e-29,0.0,0.0,0.0
3836.1081253914267,1487.7023904895962,1.3509243001909827e-29,0.0,0.0,0.0
3341.6273829254233,1326.0035123742125,1.2434420018546199e-28,0.0,0.0,0.0
3123.6685167931487,1149.7185228440048,6.7644822622701762e-29,0.0,0.0,0.0
3172.7251219930245,1427.1436513304202,1.270066057405829e-28,0.0,0.0,0.0
3227.2442645048563,1311.7895134147861,1.2621774483536189e-28,0.0,0.0,0.0
4100.0563310851767,1634.4206418844722,6.9419759659449039e-29,0.0,0.0,0.0
4010.8878002535471,1648.3202595467167,1.2523166870383562e-28,0.0,0.0,0.0
3609.9022148592335,1319.3176091145338,1.0945445059941539e-29,0.0,0.0,0.0
2810.5720026289878,1128.5048546713276,7.2673810893485713e-29,0.0,0.0,0.0
2799.434302017276,1004.4091961744604,7.0603051017280557e-29,0.0,0.0,0.0
2725.480095238157,1116.4216935135489,9.959368928415274e-30,0.0,0.0,0.0
3987.7868015809122,1663.3346162453324,1.9820130243677922e-29,0.0,0.0,0.0
2751.3997725831473,1111.411168378233,7.1096089083043689e-29,0.0,0.0,0.0
4392.682226158423,1644.3773584205542,1.8646699647161667e-28,0.0,0.0,0.0
3274.9862075957762,1370.1643054612944,1.4495319133436092e-28,0.0,0.0,0.0
3293.8110910942673,1267.1888215437314,1.4298103907130839e-29,0.0,0.0,0.0
3182.4510388897352,1251.1705352776912,1.2621774483536189e-29,0.0,0.0,0.0
3390.3401329038834,1275.9936672376568,1.3213420162451948e-29,0.0,0.0,0.0
3378.4016306393296,1512.1022448411441,1.1044052673094165e-29,0.0,0.0,0.0
4173.530888463014,1546.7492544765907,6.7546215009549136e-29,0.0,0.0,0.0
3695.0428272084059,1479.2529344489483,6.8630898754228027e-29,0.0,0.0,0.0
2455.995859486979,978.14254461508892,7.0997481469891062e-29,0.0,0.0,0.0
3955.177210211732,1388.8421481967857,1.2503445347753037e-28,0.0,0.0,0.0
3935.0094383668707,1555.0335998853486,1.2424559257230936e-28,0.0,0.0,0.0
3756.6006752702779,1358.7639952754073,1.5580002878114983e-29,0.0,0.0,0.0
3497.8105534226779,1268.0142724332247,1.6664686622793874e-29,0.0,0.0,0.0
3006.486134443528,1157.3436841705079,6.6165708425412365e-29,0.0,0.0,0.0
3206.5038262555695,1065.9509043749763,6.6855961717480751e-29,0.0,0.0,0.0
3022.5694630976341,1208.0990196168125,7.0997481469891062e-29,0.0,0.0,0.0
4009.9679619166754,1435.4029204751839,1.4791141972893971e-29,0.0,0.0,0.0
3412.8558963495475,1343.1641008164058,6.7644822622701762e-29,0.0,0.0,0.0
3998.2334278451126,1538.3209880795907,6.8236468301617521e-29,0.0,0.0,0.0
3884.3559936965553,1354.8448936569271,6.5968493199107112e-29,0.0,0.0,0.0
3324.6836157867642,1441.240733864752,1.2533027631698825e-28,0.0,0.0,0.0
3916.6464993243267,1514.8534284701159,7.080026624358581e-29,0.0,0.0,0.0
3218.4615925645012,1106.9111066527205,1.567861049126761e-29,0.0,0.0,0.0
3477.4669396271447,1384.507445123772,6.5771277972801859e-29,0.0,0.0,0.0
3407.6966259571514,1394.4712834991089,1.6171648557030742e-29,0.0,0.0,0.0
3587.0251863140438,1525.1460370960831,1.4396711520283465e-29,0.0,0.0,0.0
3835.5470596426826,1505.0380383825784,6.7546215009549136e-29,0.0,0.0,0.0
3352.8225442472904,1341.8176489121806,1.1044052673094165e-29,0.0,0.0,0.0
4035.2519686997034,1591.4903499619488,1.2858432755102492e-28,0.0,0.0,0.0
3108.7198050785628,1320.0339927953548,6.7743430235854389e-29,0.0,0.0,0.0
3845.0837611277466,1433.3513685251673,7.1194696696196315e-29,0.0,0.0,0.0
3880.8774031233143,1533.1703438401348,7.8294444843185422e-29,0.0,0.0,0.0
2968.8722860818848,1135.712646646582,6.7250392170091256e-29,0.0,0.0,0.0
3481.1116364130162,1376.3617462895736,6.8532291141075401e-29,0.0,0.0,0.0
3666.1938069254898,1280.1684368063254,7.0208620564670051e-29,0.0,0.0,0.0
3755.5667324486076,1335.8828097229639,1.2089293372512006e-28,0.0,0.0,0.0
2975.5070298048436,1095.8222197518573,1.2454141541176724e-28,0.0,0.0,0.0
4029.1375789402373,1635.7384871289585,1.2690799812743027e-28,0.0,0.0,0.0
3243.0731565178362,1279.3413135788958,1.2680939051427765e-28,0.0,0.0,0.0
3313.9731709657754,1149.8351905635441,1.2256926314871471e-28,0.0,0.0,0.0
3917.1343323560145,1203.1043519141481,6.8926721593685906e-29,0.0,0.0,0.0
2558.1617960330377,1061.5161381385274,1.4396711520283465e-29,0.0,0.0,0.0
3430.5614500767947,1303.8134354542847,1.6171648557030742e-29,0.0,0.0,0.0
2398.7225519351277,890.41711557071596,1.3509243001909827e-29,0.0,0.0,0.0
2844.4743561775408,1150.474452091574,1.2641496006166714e-28,0.0,0.0,0.0
1557.6177076586989,742.4043040203627,6.5081024680733474e-29,0.0,0.0,0.0
2152.0438060630831,900.95585599574099,6.9321152046296412e-29,0.0,0.0,0.0
3462.1406497706735,1244.6195026096761,6.8532291141075401e-29,0.0,0.0,0.0
3021.4964064054689,1046.1960198943025,9.1705080231942622e-30,0.0,0.0,0.0
2326.6036291696355,864.31981765951559,7.1490519535654195e-29,0.0,0.0,0.0
2832.1089024995681,923.55553290919761,6.8433683527922774e-29,0.0,0.0,0.0
2957.394255840421,1084.7750115442348,7.0208620564670051e-29,0.0,0.0,0.0
3920.4377814373192,1494.1571010437301,1.5284180038657104e-29,0.0,0.0,0.0
2612.7424603108502,1031.5618431599994,1.4692534359741345e-29,0.0,0.0,0.0
2756.0409499174048,935.12853033134184,1.2523166870383562e-29,0.0,0.0,0.0
3531.878262678114,1232.7063869929789,6.9518367272601665e-29,0.0,0.0,0.0
2983.5721820324197,1186.9410360672359,1.5185572425504477e-29,0.0,0.0,0.0
2495.3126408632938,954.877385884879,9.9790904510457993e-29,0.0,0.0,0.0
2913.1055279126836,971.62071314895445,6.8532291141075401e-29,0.0,0.0,0.0
2701.2232874349233,1207.7143092347067,7.2969633732943592e-29,0.0,0.0,0.0
3506.466614413664,1264.4918941980072,6.7447607396396509e-29,0.0,0.0,0.0
3100.8265016943878,1090.7402436970629,7.0405835790975304e-29,0.0,0.0,0.0
2881.3452703892199,1064.7166963861591,1.270066057405829e-28,0.0,0.0,0.0
3732.7304856709588,1513.8751101735993,1.2523166870383562e-28,0.0,0.0,0.0
3340.1434727115889,1290.947295484207,1.7769091890103291e-28,0.0,0.0,0.0
4340.6896770878502,1441.3352397310091,1.3420496150072463e-28,0.0,0.0,0.0
2417.7290257323275,940.8400816751689,7.1293304309348942e-29,0.0,0.0,0.0
2935.5653066254517,1243.5514438862247,1.2592192199590401e-28,0.0,0.0,0.0
3600.6104275020566,1375.0616500364208,7.7998622003727542e-29,0.0,0.0,0.0
3146.9830422852674,1352.0494190103727,7.218077282772258e-29,0.0,0.0,0.0
2953.3071073255469,997.19467846737223,1.538278765180973e-29,0.0,0.0,0.0
2670.4553303879975,1109.7384846687453,1.4298103907130839e-29,0.0,0.0,0.0
4166.5389151752233,1366.9233636280524,7.080026624358581e-29,0.0,0.0,0.0
2693.9778225156533,889.26908912215026,1.255274915432935e-28,0.0,0.0,0.0
2658.6657279393216,1015.5444535193998,1.2582331438275138e-28,0.0,0.0,0.0
3001.9408866628401,1281.4464804084223,2.1496459667272572e-29,0.0,0.0,0.0
2175.5448843809982,843.39923693626235,1.4298103907130839e-29,0.0,0.0,0.0
3169.5487266669379,1151.9271779336343,1.3410635388757201e-29,0.0,0.0,0.0
3139.8071127601165,1245.1400412520645,7.0208620564670051e-29,0.0,0.0,0.0
2862.1953004532475,1078.9611688981656,1.5580002878114983e-29,0.0,0.0,0.0
2583.9414765252468,1028.7406653506682,7.1194696696196315e-29,0.0,0.0,0.0
2122.9983990541614,782.00828707868686,2.1496459667272572e-29,0.0,0.0,0.0
3130.010602301581,1273.3312621069288,1.2602052960905664e-28,0.0,0.0,0.0
3487.7898917297312,1300.2417508057383,1.7847977980625392e-29,0.0,0.0,0.0
3221.6364911665064,1176.6917960380304,1.3805065841367707e-29,0.0,0.0,0.0
2716.0640539005317,1023.6499826679301,1.270066057405829e-28,0.0,0.0,0.0
2515.3073096143476,818.92936833213344,1.3509243001909827e-29,0.0,0.0,0.0
3363.1239480617414,1261.5872949752529,7.050444340412793e-29,0.0,0.0,0.0
2289.8312584604641,865.92845385651299,9.959368928415274e-30,0.0,0.0,0.0
3807.1365792059487,1317.3969538454121,2.238392818564621e-29,0.0,0.0,0.0
2885.0329135790498,1099.7657801567098,6.6757354104328124e-29,0.0,0.0,0.0
2078.1763377811444,766.5004305770351,1.2434420018546199e-28,0.0,0.0,0.0
2835.5407920105899,1069.63050933708,7.0307228177822677e-29,0.0,0.0,0.0
3118.1256746195804,1207.9054451861318,7.0110012951517424e-29,0.0,0.0,0.0
2727.5844308790729,1120.0442212029859,7.1687734761959448e-29,0.0,0.0,0.0
2953.2385593914164,1008.2725374694958,1.3203559401136685e-28,0.0,0.0,0.0
2977.5671075931309,1123.3188831887926,6.9616974885754292e-29,0.0,0.0,0.0
2343.9223309698268,855.4442207420509,1.538278765180973e-29,0.0,0.0,0.0
2642.3277277285001,1004.0159579277982,6.9518367272601665e-29,0.0,0.0,0.0
2875.390797183868,912.26496159449698,1.2641496006166714e-28,0.0,0.0,0.0
3014.4772686111055,1126.8366623051622,2.3370004317172475e-29,0.0,0.0,0.0
2519.7521193050788,906.10721191669768,1.2611913722220926e-28,0.0,0.0,0.0
3459.826983945487,1164.3118243591698,7.1096089083043689e-29,0.0,0.0,0.0
3657.084757631158,1368.5999685709426,1.1734305965162551e-29,0.0,0.0,0.0
2952.4684977454335,1102.1255843550819,6.9518367272601665e-29,0.0,0.0,0.0
3496.8992254055847,1259.5575319491124,1.2325951644078309e-29,0.0,0.0,0.0
3029.3659793684342,1130.4604215210734,1.2375255450654623e-28,0.0,0.0,0.0
3146.236888959143,1174.3171494498858,7.2969633732943592e-29,0.0,0.0,0.0
3199.6177845859597,1063.6774201314836,1.2710521335373553e-28,0.0,0.0,0.0
3431.536262601312,1258.088349073422,1.217804022434937e-28,0.0,0.0,0.0
2757.3807304827214,1029.6003279541806,1.8045193206930645e-28,0.0,0.0,0.0
3436.2907198921698,1286.1293794590026,6.8532291141075401e-29,0.0,0.0,0.0
2765.0494995009444,1141.9493596076247,7.3758494638164604e-29,0.0,0.0,0.0
2843.9802956168637,1086.4713131036749,1.5284180038657104e-29,0.0,0.0,0.0
2871.8440688636297,1147.1518572862519,6.5968493199107112e-29,0.0,0.0,0.0
2963.9611391969365,1159.8670384063005,1.1537090738857298e-29,0.0,0.0,0.0
3021.7886156436002,1293.3853858099426,1.2621774483536189e-28,0.0,0.0,0.0
3352.6544374230239,1198.9452643112138,7.1983557601417327e-29,0.0,0.0,0.0
2382.7895627649264,844.35330797171616,6.7546215009549136e-29,0.0,0.0,0.0
2264.8197833457675,932.44778761206965,2.3685548679260879e-28,0.0,0.0,0.0
3052.2868325066129,1191.0587657797278,7.0208620564670051e-29,0.0,0.0,0.0
2875.3859889996593,1251.057324680384,7.6125077353827639e-29,0.0,0.0,0.0
2731.0423689040354,1160.3946770674727,7.1194696696196315e-29,0.0,0.0,0.0
3592.4828614100529,1323.4157936918684,1.2562609915644613e-28,0.0,0.0,0.0
2675.1612807453002,1136.4706330424096,1.2247065553556208e-28,0.0,0.0,0.0
2896.7649255043475,1079.9943625524111,1.2523166870383562e-29,0.0,0.0,0.0
2877.771907760537,1199.7865541200795,8.283039504820624e-29,0.0,0.0,0.0
2376.1351845540789,855.08504907791087,1.322328092376721e-28,0.0,0.0,0.0
2369.9716787059765,1049.1113125285128,6.9222544433143786e-29,0.0,0.0,0.0
3621.9261013491587,1403.1638801410249,7.385710225131723e-29,0.0,0.0,0.0
3401.0237917158138,1159.3185340074654,6.9321152046296412e-29,0.0,0.0,0.0
3366.448413555036,1460.5628990277498,1.2710521335373553e-28,0.0,0.0,0.0
2553.378372845586,865.60766797161546,1.2602052960905664e-28,0.0,0.0,0.0
2876.7376365617124,1134.2131680740208,6.7644822622701762e-29,0.0,0.0,0.0
3023.3447915085389,1284.4045748597564,7.1096089083043689e-29,0.0,0.0,0.0
2232.9311846770674,800.36532237877429,6.8630898754228027e-29,0.0,0.0,0.0
3608.482443548789,1424.1629977796852,2.6919878390667028e-29,0.0,0.0,0.0
2116.688620761638,693.50458364943097,6.9518367272601665e-29,0.0,0.0,0.0
2862.8087095887963,1062.9034905276883,7.1096089083043689e-29,0.0,0.0,0.0
3304.614151135509,1370.7216570423714,7.2082165214569954e-29,0.0,0.0,0.0
2765.5777149078467,1058.9624599925241,1.2444280779861461e-28,0.0,0.0,0.0
3061.3573462968925,1007.0817326810173,6.7842037849007015e-29,0.0,0.0,0.0
2687.8591400654987,1127.0546472221463,1.2533027631698825e-28,0.0,0.0,0.0
2597.4860622569645,977.06110921662525,6.8335075914770148e-29,0.0,0.0,0.0
2804.8342074988377,1043.5267610352885,1.2523166870383562e-29,0.0,0.0,0.0
2735.9493574913449,1090.6180972960085,1.0846837446788912e-29,0.0,0.0,0.0
3300.8967381599723,1318.399899581307,1.2611913722220926e-28,0.0,0.0,0.0
3508.3725429492224,1422.6361728826507,1.337119234349615e-28,0.0,0.0,0.0
2843.4449260395845,1163.4551061562977,6.7644822622701762e-29,0.0,0.0,0.0
2354.2437227542546,947.51962176383211,1.873544649899903e-29,0.0,0.0,0.0
2077.2828320715057,856.95212950378379,1.8055053968245908e-28,0.0,0.0,0.0
3103.7374564722973,1210.5229560093758,8.4013686406037757e-29,0.0,0.0,0.0
3168.4314943666359,1182.9626764005534,1.2454141541176724e-28,0.0,0.0,0.0
2680.7827265524543,1156.8116320287543,6.7842037849007015e-29,0.0,0.0,0.0
3262.6094532275501,1124.1347388686984,6.8630898754228027e-29,0.0,0.0,0.0
3611.4363640906668,1250.3261808939549,1.4396711520283465e-29,0.0,0.0,0.0
2768.6783108647783,1297.3682830147523,7.1983557601417327e-29,0.0,0.0,0.0
2721.6629121206424,890.41962249092876,1.2897875800363543e-28,0.0,0.0,0.0
3140.8544103018144,1118.5679161759954,6.9123936819991159e-29,0.0,0.0,0.0
2761.4170398789156,1007.4322059129335,1.7749370367472766e-29,0.0,0.0,0.0
2606.5127160398629,972.8364496424357,1.370645822821508e-29,0.0,0.0,0.0
1972.6093923861049,750.94821898204225,1.2621774483536189e-29,0.0,0.0,0.0
2874.6392892638087,1165.7058904381104,6.6757354104328124e-29,0.0,0.0,0.0
3705.7248747314197,1455.5749667365176,6.882811398053328e-29,0.0,0.0,0.0
2745.4302050098981,1019.4707707379168,1.3509243001909827e-29,0.0,0.0,0.0
2818.4478639554673,1020.1284243636128,1.9425699791067416e-29,0.0,0.0,0.0
2587.9276891503409,1159.57381479114,7.1096089083043689e-29,0.0,0.0,0.0
2062.0008430336061,708.98917597697618,6.9321152046296412e-29,0.0,0.0,0.0
3969.6295423955057,1271.2378925268442,6.6855961717480751e-29,0.0,0.0,0.0
2466.3295440195257,1159.3091215009297,6.9419759659449039e-29,0.0,0.0,0.0
3323.1596018185837,1216.0399230752269,1.7986028639039069e-28,0.0,0.0,0.0
2820.3925357572466,1131.4371719466251,1.2197761746979895e-28,0.0,0.0,0.0
3290.1583316604647,1221.3306743811265,1.2503445347753037e-28,0.0,0.0,0.0
3764.7152224292045,1290.6674204301457,1.2444280779861461e-28,0.0,0.0,0.0
3419.3450283807338,1284.0925578355436,6.6067100812259739e-29,0.0,0.0,0.0
3643.2959756557138,1292.9543729312074,1.2769685903265129e-28,0.0,0.0,0.0
3678.540282668092,1317.254189172359,1.8834054112151657e-29,0.0,0.0,0.0
2678.4250083867391,861.12768124440572,2.3468611930325101e-29,0.0,0.0,0.0
3626.3439688814333,1471.0875169570163,7.1884949988264701e-29,0.0,0.0,0.0
3330.3928694524434,1188.2050693784279,1.2286508598817259e-28,0.0,0.0,0.0
2715.3411777090255,1080.5809875867578,6.8729506367380654e-29,0.0,0.0,0.0
2384.7127967184115,966.62102631855839,6.5869885585954486e-29,0.0,0.0,0.0
2583.0342640706936,1090.4231695195883,1.2818989709841442e-29,0.0,0.0,0.0
2918.0125805300463,916.81215471960866,1.2187900985664632e-28,0.0,0.0,0.0
2616.3187758068711,1083.2363341617488,1.1537090738857298e-29,0.0,0.0,0.0
2355.7525009031306,969.43009057414406,6.9715582498906918e-29,0.0,0.0,0.0
2795.3304645646476,1125.3530849147742,1.7847977980625392e-29,0.0,0.0,0.0
3063.9155239861361,1137.16949536417,1.3903673454520333e-29,0.0,0.0,0.0
2713.2147857680416,1027.8789455535029,1.1931521191467804e-29,0.0,0.0,0.0
2792.0482479936786,1111.4716623178035,1.0748229833636286e-29,0.0,0.0,0.0
2989.7517678762092,1176.4847275360189,1.705911707540438e-29,0.0,0.0,0.0
3549.8299246624952,1409.3009485929822,7.247659566718046e-29,0.0,0.0,0.0
3889.2657552536357,1317.4996172343776,1.6368863783335995e-29,0.0,0.0,0.0
2805.9340894069924,1158.5767006467183,1.6960509462251754e-29,0.0,0.0,0.0
2639.2325696524645,935.51034419989389,1.5875825717572863e-29,0.0,0.0,0.0
2105.6681427735148,822.80324361873443,1.2444280779861461e-28,0.0,0.0,0.0
2961.0302698947644,1060.9935294107352,6.8729506367380654e-29,0.0,0.0,0.0
3862.3979061797691,1273.462907384082,1.8341016046388524e-29,0.0,0.0,0.0
3049.3846712083418,1231.1370633958443,1.2592192199590401e-28,0.0,0.0,0.0
2679.4893303716008,1049.1954978846729,8.2238749369290481e-29,0.0,0.0,0.0
3032.3825865640852,1078.043361914064,1.4396711520283465e-29,0.0,0.0,0.0
2875.7014820093073,1217.6553247329621,7.2082165214569954e-29,0.0,0.0,0.0
2440.9400268225641,818.73774740558292,1.1901938907522016e-28,0.0,0.0,0.0
2894.7682599645736,1080.9644320477364,6.5869885585954486e-29,0.0,0.0,0.0
3418.7037892896087,1277.4326752652655,6.8433683527922774e-29,0.0,0.0,0.0
2835.8721217589341,1013.3618585700651,7.2772418506638339e-29,0.0,0.0,0.0
3644.4650197521469,1303.8673267307865,6.9419759659449039e-29,0.0,0.0,0.0
2947.9947400937822,1239.5694939408327,6.5278239907038727e-29,0.0,0.0,0.0
3240.6023101508267,1170.5327559212926,1.538278765180973e-29,0.0,0.0,0.0
2317.022677290056,907.45445263356874,6.4883809454428221e-29,0.0,0.0,0.0
2897.0899460239657,1248.4838659873046,6.8532291141075401e-29,0.0,0.0,0.0
2689.5618353624759,975.97107087601353,1.3607850615062454e-29,0.0,0.0,0.0
3480.5636872484652,1292.1358412936786,1.2868293516417755e-28,0.0,0.0,0.0
2891.5300059586284,1151.3227592816231,1.2187900985664632e-28,0.0,0.0,0.0
3274.8248216428178,1256.0305874835919,1.288801503904828e-28,0.0,0.0,0.0
3001.0964203755816,1260.4679192658584,1.6270256170183368e-29,0.0,0.0,0.0
3277.3593816750185,1393.3190674428038,7.2871026119790966e-29,0.0,0.0,0.0
3006.5459137619296,1209.9998584020102,1.0748229833636286e-29,0.0,0.0,0.0
3201.5036530201264,1269.743871683489,6.9321152046296412e-29,0.0,0.0,0.0
2855.4850005886942,1117.0424961217047,7.0997481469891062e-29,0.0,0.0,0.0
3386.8163364930551,1374.9090790215751,1.3144394833245109e-28,0.0,0.0,0.0
2097.362380614064,855.86911437640379,7.1096089083043689e-29,0.0,0.0,0.0
2320.0126104281567,826.43833423175738,6.8630898754228027e-29,0.0,0.0,0.0
3069.749373235114,1191.0822944849417,6.7546215009549136e-29,0.0,0.0,0.0
3367.2344862252839,1257.1614225082988,1.5481395264962357e-29,0.0,0.0,0.0
2569.4202408284118,951.9222891403233,7.1786342375112074e-29,0.0,0.0,0.0
2489.1214257949937,913.26531790947365,1.2385116211969885e-28,0.0,0.0,0.0
2416.0235839418383,967.40798913828644,7.4744570769690869e-29,0.0,0.0,0.0
4211.1695170236417,1460.7101941327321,6.9222544433143786e-29,0.0,0.0,0.0
2543.5385219916388,927.25577625270591,6.9814190112059545e-29,0.0,0.0,0.0
3469.2947474306516,1298.9767287318755,7.2871026119790966e-29,0.0,0.0,0.0
3061.1006247854184,1140.0817817768366,1.4199496293978212e-29,0.0,0.0,0.0
2793.3032876836164,1103.7800369978079,1.3410635388757201e-29,0.0,0.0,0.0
2337.0412518992021,764.53954434888294,1.6763294235946501e-29,0.0,0.0,0.0
3983.4517096943978,1481.7106550027272,7.1687734761959448e-29,0.0,0.0,0.0
3032.4893022688793,1047.707073541404,7.2871026119790966e-29,0.0,0.0,0.0
3911.1326853697042,1295.9252119601001,6.6757354104328124e-29,0.0,0.0,0.0
2298.1782671336277,965.33203433963672,1.4298103907130839e-29,0.0,0.0,0.0
3027.2279467710409,1176.335532974306,1.567861049126761e-29,0.0,0.0,0.0
3154.2003490041384,1242.1511695519384,1.2562609915644613e-28,0.0,0.0,0.0
2531.8183087714383,953.9594639492426,1.2099154133827269e-28,0.0,0.0,0.0
2520.344154565079,895.217112393859,1.0748229833636286e-29,0.0,0.0,0.0
2032.2313248626467,719.51395541353509,1.2434420018546199e-28,0.0,0.0,0.0
2660.1326726347197,1005.8406851172873,1.2454141541176724e-28,0.0,0.0,0.0
2957.8449228804584,1058.3634362506064,1.6368863783335995e-29,0.0,0.0,0.0
2171.7960678990212,699.66068201251085,1.4100888680825586e-29,0.0,0.0,0.0
2660.028304239609,957.93044858527469,6.6560138878022871e-29,0.0,0.0,0.0
2505.1717927634822,1040.7109412009249,6.8532291141075401e-29,0.0,0.0,0.0
1691.3645726677012,582.09384398117243,6.8729506367380654e-29,0.0,0.0,0.0
2945.6132866859589,1058.9725785054191,6.8532291141075401e-29,0.0,0.0,0.0
1540.5643927812282,625.12092564811701,9.1705080231942622e-30,0.0,0.0,0.0
2573.5281728114719,888.89214175515735,1.2720382096688815e-29,0.0,0.0,0.0
2156.9415194002895,851.09755656516677,7.0110012951517424e-29,0.0,0.0,0.0
2153.5709004354189,747.31773546399472,1.6664686622793874e-29,0.0,0.0,0.0
1469.213579139845,533.26915032385762,6.7743430235854389e-29,0.0,0.0,0.0
1470.6091460608291,572.68483694847509,1.1635698352009924e-29,0.0,0.0,0.0
2143.7844740202981,810.97406760611545,1.2424559257230936e-29,0.0,0.0,0.0
1572.195167692347,492.67077885540772,1.0945445059941539e-29,0.0,0.0,0.0
1094.5048173925466,358.28971209855223,1.3543755666513246e-28,9.8607613152626476e-32,0.0,0.0
2564.3432183141535,1029.8527211464491,7.3659887025011977e-29,0.0,0.0,0.0
2316.6900581883183,1011.9055842343311,1.5170781283531583e-28,0.0,0.0,0.0
2053.6370900817301,745.43744479903273,7.3659887025011977e-29,0.0,0.0,0.0
2061.0288720028134,859.15893252329033,6.5968493199107112e-29,0.0,0.0,0.0
2406.7607755658064,830.01099813364885,7.8590267682643301e-29,0.0,0.0,0.0
1897.8090131266947,760.734020579363,6.8630898754228027e-29,0.0,0.0,0.0
2392.5388113092272,929.70882551142108,1.2710521335373553e-28,0.0,0.0,0.0
3236.70930482531,969.4876351025224,7.0898873856738436e-29,0.0,0.0,0.0
2014.7387550169819,730.01733001309867,1.4495319133436092e-29,0.0,0.0,0.0
2445.1928838209105,928.30795782038319,1.2424559257230936e-29,0.0,0.0,0.0
2567.8127808615181,859.50493015150812,7.1490519535654195e-29,0.0,0.0,0.0
2851.0292551545772,1053.0027725314717,7.218077282772258e-29,0.0,0.0,0.0
2048.2067264856305,698.89592569115223,8.253457220874836e-29,0.0,0.0,0.0
1745.4710327134878,577.7648791741276,7.6618115419590772e-29,0.0,0.0,0.0
1726.9990662350008,614.45039883563481,1.705911707540438e-29,0.0,0.0,0.0
2325.5461968911786,881.29444134464234,6.8433683527922774e-29,0.0,0.0,0.0
2500.2395309518938,1020.0081554734666,1.4495319133436092e-29,0.0,0.0,0.0
1464.374968690277,447.53439412731478,1.2631635244851452e-28,0.0,0.0,0.0
2287.3061847709123,866.00255761078017,6.8137860688464895e-29,0.0,0.0,0.0
2806.1981888909131,1172.9209063716951,1.3243002446397736e-28,0.0,0.0,0.0
2066.5037086601224,831.45747123612978,7.2082165214569954e-29,0.0,0.0,0.0
2414.8289010410654,846.28999691786805,1.0846837446788912e-29,0.0,0.0,0.0
2285.4324315909817,748.16930292219513,1.4298103907130839e-29,0.0,0.0,0.0
2113.4524047416876,747.38243023139489,6.8532291141075401e-29,0.0,0.0,0.0
2267.9886872538991,884.37559467793835,1.2602052960905664e-28,0.0,0.0,0.0
2211.1760302172484,731.16643462105367,6.8433683527922774e-29,0.0,0.0,0.0
2361.2130060371874,951.05004843927998,7.2279380440875207e-29,0.0,0.0,0.0
1804.9317004433044,675.80773904828231,1.2631635244851452e-28,0.0,0.0,0.0
2210.3145579075504,974.86349085965128,6.9518367272601665e-29,0.0,0.0,0.0
2126.1392950555337,684.8400853706446,1.2621774483536189e-29,0.0,0.0,0.0
2414.4033062799967,924.89002424474654,1.4298103907130839e-29,0.0,0.0,0.0
1518.290924854193,543.06454528671577,8.0956850398306337e-29,0.0,0.0,0.0
2917.2504520127513,1258.3228339888449,6.9518367272601665e-29,0.0,0.0,0.0
2226.067072875845,808.67060535730275,6.9321152046296412e-29,0.0,0.0,0.0
1454.6326413023007,635.89942174844714,6.6757354104328124e-29,0.0,0.0,0.0
2009.9409060089201,681.59865518966808,1.2631635244851452e-28,0.0,0.0,0.0
1943.5274040016989,729.23727809829188,6.4094948549207209e-29,0.0,0.0,0.0
2198.5416277126969,629.83978730096976,1.2523166870383562e-28,0.0,0.0,0.0
2763.807585257749,1164.5147985186852,7.218077282772258e-29,0.0,0.0,0.0
3903.2894029907602,1341.8503558054392,6.9321152046296412e-29,0.0,0.0,0.0
1858.04490427885,720.60407960732414,1.6073040943878116e-29,0.0,0.0,0.0
2144.5530601557357,722.02913011271664,1.3065508742723008e-28,0.0,0.0,0.0
2362.9686830418636,907.93752446831854,6.9419759659449039e-29,0.0,0.0,0.0
2551.6398402172795,1001.2998480940088,1.4988357199199224e-29,0.0,0.0,0.0
2290.9624878423829,807.25214620395548,6.9222544433143786e-29,0.0,0.0,0.0
2842.515390304281,959.86794064874869,1.1734305965162551e-29,0.0,0.0,0.0
2261.1874976222134,905.17683321049947,1.2099154133827269e-28,0.0,0.0,0.0
2190.9723463943346,829.54748412846538,1.2089293372512006e-28,0.0,0.0,0.0
2530.0166381204026,809.8082454124044,1.8538231272693777e-29,0.0,0.0,0.0
1070.0314690490727,413.74449934468794,1.1931521191467804e-29,0.0,0.0,0.0
1462.8539664527382,575.51849390504901,6.6757354104328124e-29,0.0,0.0,0.0
2000.6473178225579,595.682712076793,1.2720382096688815e-28,0.0,0.0,0.0
2392.3606396431064,866.73202055754689,1.3607850615062454e-29,0.0,0.0,0.0
1531.1329571809167,494.28650905157326,6.8433683527922774e-29,0.0,0.0,0.0
2901.1406001367172,995.70712825064572,1.4396711520283465e-29,0.0,0.0,0.0
2234.0343721680024,867.64685947608416,1.9622915017372669e-29,0.0,0.0,0.0
2769.3485556743476,1080.6051894790289,6.7546215009549136e-29,0.0,0.0,0.0
1768.5321538111757,692.12615485790445,1.3607850615062454e-29,0.0,0.0,0.0
2304.2147892524536,972.26509361971978,1.6171648557030742e-29,0.0,0.0,0.0
2695.1089351931714,1082.2677160009921,1.8932661725304283e-29,0.0,0.0,0.0
2242.6709156610023,887.51939785461661,1.2523166870383562e-29,0.0,0.0,0.0
3656.0506489232862,1287.2364919949566,7.050444340412793e-29,0.0,0.0,0.0
1916.5395889827757,675.77278800271108,1.3509243001909827e-29,0.0,0.0,0.0
1960.6583549688905,711.92250385467753,7.1983557601417327e-29,0.0,0.0,0.0
1962.864104914881,728.72360995761699,1.2256926314871471e-28,0.0,0.0,0.0
2582.8467776821622,887.20219110360267,1.2868293516417755e-28,0.0,0.0,0.0
2392.0753558763918,816.39519429055701,6.9518367272601665e-29,0.0,0.0,0.0
1855.3796662354648,621.14161647946094,6.6658746491175498e-29,0.0,0.0,0.0
2030.4325790774956,655.08218046141906,2.406025760924086e-29,0.0,0.0,0.0
2347.714549200909,807.74513579278278,6.9518367272601665e-29,0.0,0.0,0.0
2452.6227994090623,1013.3149119315783,1.3124673310614584e-28,0.0,0.0,0.0
1942.3875989933622,593.22290971207462,7.0307228177822677e-29,0.0,0.0,0.0
2070.2698551957096,873.68174041332406,7.0603051017280557e-29,0.0,0.0,0.0
3262.2519948620484,1379.5147561367592,1.5481395264962357e-29,0.0,0.0,0.0
2884.5545665406244,1008.6398709275346,1.2523166870383562e-29,0.0,0.0,0.0
2281.0082244821729,926.571704994828,1.6073040943878116e-29,0.0,0.0,0.0
2308.4220992257879,652.81897002067615,9.0719004100416358e-30,0.0,0.0,0.0
1909.9882215127514,692.10891704630023,7.2082165214569954e-29,0.0,0.0,0.0
2060.1340708499165,789.44116347506474,7.0307228177822677e-29,0.0,0.0,0.0
2092.2700426950382,729.6625582830261,1.400228106767296e-29,0.0,0.0,0.0
3093.4059760671025,1186.3967662824682,6.4982417067580847e-29,0.0,0.0,0.0
3397.6712396653961,1173.692636941822,6.7743430235854389e-29,0.0,0.0,0.0
2573.910992212197,860.01986459675607,7.1983557601417327e-29,0.0,0.0,0.0
2155.6078578584252,864.1078733721348,7.050444340412793e-29,0.0,0.0,0.0
2452.6390828245271,905.23611909081853,5.1177351226213141e-29,0.0,0.0,0.0
2251.4749703584712,746.34196871149948,1.4396711520283465e-29,0.0,0.0,0.0
2825.3020960771119,1091.2618437168112,1.6861901849099127e-29,0.0,0.0,0.0
1992.8978442693121,614.77494703399543,1.9869434050254235e-29,8.8746851837363828e-31,0.0,0.0
2150.9929304918242,794.65753922661293,7.1194696696196315e-29,0.0,0.0,0.0
3303.8793156433849,1405.2029008853801,7.1194696696196315e-29,0.0,0.0,0.0
1938.2963919628023,774.30419954216848,1.705911707540438e-29,0.0,0.0,0.0
2579.6858088856893,966.18575665369508,1.3203559401136685e-28,0.0,0.0,0.0
2173.7995908521862,748.83870113255398,6.9321152046296412e-29,0.0,0.0,0.0
2582.6506312045185,936.36125580030034,6.6757354104328124e-29,0.0,0.0,0.0
2398.815658054104,943.38259327709602,1.5875825717572863e-29,0.0,0.0,0.0
1556.8669947650517,685.45564785276542,1.2621774483536189e-28,0.0,0.0,0.0
2245.7320503082638,834.03100690702308,1.8124079297452746e-28,0.0,0.0,0.0
1977.0331419843219,792.29475410965051,1.8469205943486939e-28,0.0,0.0,0.0
2566.0567097157495,985.20323664160901,7.1096089083043689e-29,0.0,0.0,0.0
1664.2818698575848,567.46292859570849,7.1096089083043689e-29,0.0,0.0,0.0
2086.37756096567,756.43055211437286,7.0405835790975304e-29,0.0,0.0,0.0
2007.66139536639,686.20710336382456,6.8433683527922774e-29,0.0,0.0,0.0
3241.1501753175867,1183.0619751629956,7.2772418506638339e-29,0.0,0.0,0.0
2157.315369073307,720.5389838676648,1.4396711520283465e-29,0.0,0.0,0.0
2906.5006835675858,971.52774494018763,7.1194696696196315e-29,0.0,0.0,0.0
1671.8344787916637,597.1274042237269,1.2592192199590401e-28,0.0,0.0,0.0
2152.9137696000262,836.45417811371885,2.3468611930325101e-29,0.0,0.0,0.0
1728.3420261102754,601.59765450935288,1.3509243001909827e-29,0.0,0.0,0.0
1770.3330597306121,452.12274762075606,1.2799268187210917e-28,0.0,0.0,0.0
1730.6650810882786,672.96295100087764,1.2109014895142531e-28,0.0,0.0,0.0
1919.3474241655374,778.80470160235689,1.2345673166708835e-28,0.0,0.0,0.0
1640.603296777578,625.31091758840296,1.0846837446788912e-29,0.0,0.0,0.0
1930.8447833357186,871.35591740943062,7.7308368711659157e-29,0.0,0.0,0.0
1998.3245424703287,638.09797499474803,7.2279380440875207e-29,0.0,0.0,0.0
1977.6669571211216,710.12573083221946,6.8433683527922774e-29,0.0,0.0,0.0
1792.1133481074905,585.80230487871631,6.8532291141075401e-29,0.0,0.0,0.0
2168.9096040214727,858.16865890988595,6.6757354104328124e-29,0.0,0.0,0.0
2704.4871530025707,995.32983604127719,1.3509243001909827e-29,0.0,0.0,0.0
2299.3901887523016,789.13484056929769,1.7946585593778019e-29,0.0,0.0,0.0
1967.447867363428,723.4958000972714,7.080026624358581e-29,0.0,0.0,0.0
3157.0533732654094,1062.055468835114,1.2710521335373553e-28,0.0,0.0,0.0
2194.0646146555637,587.56251487037434,9.1705080231942622e-30,0.0,0.0,0.0
1702.9001458743944,547.52963322276776,1.5974433330725489e-29,0.0,0.0,0.0
1803.718634899418,672.62710456593197,6.7644822622701762e-29,0.0,0.0,0.0
2979.9822148094286,901.1972419640033,6.8532291141075401e-29,0.0,0.0,0.0
3452.87174906367,1389.0158555659548,1.2542888393014088e-28,0.0,0.0,0.0
1330.28791327922,452.19440176662789,6.9518367272601665e-29,0.0,0.0,0.0
1843.4302558753498,627.68255029823877,7.1293304309348942e-29,0.0,0.0,0.0
1057.9376680144912,411.89303625295912,1.2957040368255119e-28,0.0,0.0,0.0
2454.6409316723229,796.64656190635367,7.0110012951517424e-29,0.0,0.0,0.0
2476.536611370771,964.88889648237955,6.4785201841275595e-29,0.0,0.0,0.0
2077.9396013039814,811.48018453290251,1.7256332301709633e-29,0.0,0.0,0.0
2207.2509176387134,828.9296907152393,6.6954569330633377e-29,0.0,0.0,0.0
2566.1743751911895,793.58586882555085,1.370645822821508e-29,0.0,0.0,0.0
3132.146457582006,1026.7731170417396,1.4988357199199224e-29,0.0,0.0,0.0
2444.6462399963784,936.80419918520488,7.2969633732943592e-30,0.0,0.0,0.0
3023.4289488692552,1027.2276091999522,6.9518367272601665e-29,0.0,0.0,0.0
3886.1272240779535,1368.4101163085709,1.2197761746979895e-28,0.0,0.0,0.0
2030.4207329575231,751.64980696280008,7.1096089083043689e-29,0.0,0.0,0.0
2225.6140106199668,839.13270228087276,1.2818989709841442e-29,0.0,0.0,0.0
2166.5809075466009,765.77985384911995,1.4199496293978212e-29,0.0,0.0,0.0
2335.7639406256708,736.78084170604438,7.3068241346096218e-29,0.0,0.0,0.0
1906.2025010021066,508.91870561951043,1.3075369504038271e-28,0.0,0.0,0.0
3278.3481937761044,1116.5918110916541,7.2772418506638339e-29,0.0,0.0,0.0
1523.2432016931991,574.71786658350891,6.9321152046296412e-29,0.0,0.0,0.0
2790.7960429948425,1065.9941230527488,6.7842037849007015e-29,0.0,0.0,0.0
1940.5526354125743,748.07260609810987,1.2809128948526179e-28,0.0,0.0,0.0
2391.7860281112662,745.80723965448044,6.6757354104328124e-29,0.0,0.0,0.0
2020.4760722525541,785.19300017506453,7.0208620564670051e-29,0.0,0.0,0.0
2426.2411746934431,975.18340406728123,7.0208620564670051e-29,0.0,0.0,0.0
2095.0533627749955,700.81975204770799,7.2279380440875207e-29,0.0,0.0,0.0
2141.7358909320628,855.3708931924117,6.8532291141075401e-29,0.0,0.0,0.0
1589.760450657275,545.58339991478272,7.2871026119790966e-29,0.0,0.0,0.0
1922.8443473983502,635.36976711478314,1.3410635388757201e-29,0.0,0.0,0.0
2073.1612496705325,759.29228103031244,1.1537090738857298e-29,0.0,0.0,0.0
2380.0891860939446,822.44059575992549,1.8114218536137484e-28,0.0,0.0,0.0
2799.9950345402412,996.95287760032818,1.3272584730343524e-28,0.0,0.0,0.0
2289.2664025389336,790.88091774689269,1.2789407425895654e-28,0.0,0.0,0.0
2449.9549216643813,831.92222518064148,6.9419759659449039e-29,0.0,0.0,0.0
2006.0844711827281,744.75356097253621,1.3312027775604574e-29,0.0,0.0,0.0
1613.7040265629835,707.54141543785693,6.8532291141075401e-29,0.0,0.0,0.0
2288.9227509367738,846.59700056902363,1.8153661581398534e-28,0.0,0.0,0.0
2408.1712880081964,872.1962081397312,7.6322292580132892e-29,0.0,0.0,0.0
1761.2551838365112,712.99151514416553,1.7157724688557007e-29,0.0,0.0,0.0
1597.3279686729197,619.08321370020326,1.2434420018546199e-28,0.0,0.0,0.0
2219.8745846642023,887.98267827608709,1.1734305965162551e-29,0.0,0.0,0.0
2147.4671485738336,865.74157727156285,6.8335075914770148e-29,0.0,0.0,0.0
2440.933586912573,932.40472142632075,1.3410635388757201e-29,0.0,0.0,0.0
1985.8373659747615,710.55386905351088,7.3955709864469857e-29,0.0,0.0,0.0
1746.9437511064771,657.71039060563237,7.1096089083043689e-29,0.0,0.0,0.0
2417.2072204611318,757.11548551340172,6.7842037849007015e-29,0.0,0.0,0.0
2797.3184875404982,977.33518231354265,1.7157724688557007e-29,0.0,0.0,0.0
2309.5134016998791,989.84993393000786,6.4982417067580847e-29,0.0,0.0,0.0
1048.6107041535756,368.26708312306653,1.3233141685082473e-28,0.0,0.0,0.0
2847.3232746058443,1020.9791068670926,7.1293304309348942e-29,0.0,0.0,0.0
2642.3037092862837,906.48015815262033,7.3068241346096218e-29,0.0,0.0,0.0
2550.6180439687869,934.35978122333745,7.4941785995996122e-29,0.0,0.0,0.0
2606.1222149299497,878.0794831452057,7.6322292580132892e-29,0.0,0.0,0.0
2833.9718682649368,1045.1147535495313,1.2523166870383562e-29,0.0,0.0,0.0
2525.4579151104426,950.14338580193157,1.0551014607331033e-29,0.0,0.0,0.0
1764.4097770791968,713.71307539073734,1.7256332301709633e-29,0.0,0.0,0.0
1279.8004044971201,452.38125460309209,4.0069203604569768e-28,5.3248111102418297e-30,0.0,0.0
1595.1279994939816,605.47972451472845,5.9657605957339018e-29,0.0,0.0,0.0
1168.6041714486744,383.06844352988554,1.270066057405829e-28,0.0,0.0,0.0
1102.4941835654247,415.37938915824412,1.6073040943878116e-29,0.0,0.0,0.0
1830.2324348826241,482.31168053013062,7.2082165214569954e-29,0.0,0.0,0.0
1538.9360861236717,549.39000297793223,1.1044052673094165e-29,0.0,0.0,0.0
1878.6372817545196,628.83389609521123,1.4534762178697143e-28,0.0,0.0,0.0
1516.3676577955548,556.23469456681937,7.0405835790975304e-29,0.0,0.0,0.0
1196.957409412654,452.37556360591833,1.8242408433235898e-29,0.0,0.0,0.0
1532.2239833055908,545.35555862057424,1.184277433963044e-28,0.0,0.0,0.0
2138.4021353712192,829.83356189740357,6.7447607396396509e-29,0.0,0.0,0.0
1256.1890912619865,408.99758110528666,1.8538231272693777e-29,0.0,0.0,0.0
1914.8645035743818,574.02071638494272,1.8834054112151657e-29,0.0,0.0,0.0
1731.8220633802541,715.05911673866933,1.4988357199199224e-29,0.0,0.0,0.0
1958.6844539356291,639.44125443868541,1.0748229833636286e-29,0.0,0.0,0.0
3134.4831192304632,1135.1431348956842,6.7940645462159642e-29,0.0,0.0,0.0
1811.8505482404107,589.14005192494096,1.7749370367472766e-29,0.0,0.0,0.0
1243.1067722522275,401.55675431773619,1.2375255450654623e-28,0.0,0.0,0.0
1158.5033025299817,303.6587808392137,1.2690799812743027e-28,0.0,0.0,0.0
1982.9177680603077,802.48030947329335,7.3955709864469857e-29,0.0,0.0,0.0
1890.4243011956219,592.83767024063468,6.9123936819991159e-29,0.0,0.0,0.0
2017.5364318300633,769.81150019365384,7.1884949988264701e-29,0.0,0.0,0.0
1340.407506671218,464.41545350912412,1.270066057405829e-28,0.0,0.0,0.0
2235.6091733235899,741.37057558584206,7.7308368711659157e-29,0.0,0.0,0.0
1833.8962691424458,656.46435944306108,6.7447607396396509e-29,0.0,0.0,0.0
1641.5898353577552,567.13665340575949,1.2799268187210917e-28,0.0,0.0,0.0
1991.2368950699495,636.40314781107952,7.2969633732943592e-29,0.0,0.0,0.0
1877.1403783695578,667.52496074883811,1.1832913578315177e-29,0.0,0.0,0.0
2396.7376030545129,954.84042473824275,7.2082165214569954e-29,0.0,0.0,0.0
1924.6001635440477,740.42207835387319,1.4298103907130839e-29,0.0,0.0,0.0
1620.6274775463874,601.03242850158256,7.0110012951517424e-29,0.0,0.0,0.0
1708.8700196022457,708.21842322764496,6.9222544433143786e-29,0.0,0.0,0.0
2129.4614591941545,662.47384630311103,1.3430356911387726e-28,0.0,0.0,0.0
1862.4675488236094,637.43876693186962,1.4298103907130839e-29,0.0,0.0,0.0
1345.0707727906426,374.65951547993666,2.0510383535746307e-29,0.0,0.0,0.0
1943.496716529301,703.98683036193495,9.8607613152626476e-30,0.0,0.0,0.0
1471.1138696580304,577.45901035904296,6.6757354104328124e-29,0.0,0.0,0.0
1972.9419804767981,742.66800790688217,1.2957040368255119e-28,0.0,0.0,0.0
1071.271099795774,383.36183213126969,1.3627572137692979e-28,0.0,0.0,0.0
2100.7148088386707,742.60552422018645,7.0110012951517424e-29,0.0,0.0,0.0
2303.4123953712424,862.72084891633483,6.6757354104328124e-29,0.0,0.0,0.0
1316.6968268310816,354.958380637044,8.085824278515371e-29,0.0,0.0,0.0
1203.2586203672251,360.79887900612221,1.2345673166708835e-28,0.0,0.0,0.0
1828.9709206727528,621.52928209390018,1.2878154277733018e-28,0.0,0.0,0.0
1753.2599664743057,663.1579259473159,7.3462671798706724e-29,0.0,0.0,0.0
2210.1403380130992,738.33815686855678,7.0997481469891062e-29,0.0,0.0,0.0
1681.6331436864841,487.97159142505558,6.7447607396396509e-29,0.0,0.0,0.0
1793.9753628471549,618.18406576115615,7.1786342375112074e-29,0.0,0.0,0.0
1933.9141731733816,665.7542476374033,1.6171648557030742e-29,0.0,0.0,0.0
1935.5189476948419,716.80228674884188,1.2335812405393572e-28,0.0,0.0,0.0
1734.6779997819624,597.22550344357933,1.3410635388757201e-29,0.0,0.0,0.0
1398.9831118906272,484.75273223908687,7.4350140317080363e-29,0.0,0.0,0.0
2332.2457343594419,837.22593613192907,1.6960509462251754e-29,0.0,0.0,0.0
2224.373930020563,879.04787577008301,6.9222544433143786e-29,0.0,0.0,0.0
1889.2397946104202,693.83117718878668,1.7749370367472766e-29,0.0,0.0,0.0
1459.5873566756748,551.30137244936407,1.0748229833636286e-29,0.0,0.0,0.0
1648.6515554654102,573.59768908132025,1.1635698352009924e-29,0.0,0.0,0.0
2239.8889941242496,835.83181698487829,7.1983557601417327e-29,0.0,0.0,0.0
1518.9548741297524,604.19757828957586,6.7644822622701762e-29,0.0,0.0,0.0
1489.2507319679473,533.56160148047366,1.9228484564762163e-29,0.0,0.0,0.0
1306.1986429976735,469.15502721609681,1.6566079009641248e-29,0.0,0.0,0.0
1188.4979241030371,415.73522215326778,1.2818989709841442e-29,0.0,0.0,0.0
2291.5071673322473,838.71683558787777,1.3075369504038271e-28,0.0,0.0,0.0
1076.9162343965104,456.80494980359566,6.6658746491175498e-29,0.0,0.0,0.0
1134.8358996733093,336.49259697461366,6.078173274727896e-28,0.0,0.0,0.0
1981.45764227167,731.69894555490589,1.5481395264962357e-29,0.0,0.0,0.0
2628.5935532964095,833.41394241559487,6.9123936819991159e-29,0.0,0.0,0.0
2690.7209138996268,943.10867274213717,6.6757354104328124e-29,0.0,0.0,0.0
2351.4685710643093,780.59717166668827,1.2690799812743027e-28,0.0,0.0,0.0
2181.4793134398205,659.8136020334772,1.2345673166708835e-28,0.0,0.0,0.0
2947.574242490713,1187.7524933397685,1.4298103907130839e-29,0.0,0.0,0.0
1799.6690879555517,549.27226863925614,6.7644822622701762e-29,0.0,0.0,0.0
1494.9237770791435,505.31193742000346,6.5771277972801859e-29,0.0,0.0,0.0
2238.1564083919234,723.07987828294313,7.720976109850653e-29,0.0,0.0,0.0
1507.1552935480636,546.41924523204602,8.1942926529832601e-29,0.0,0.0,0.0
1962.4911165768301,778.64419533781665,1.7847977980625392e-29,0.0,0.0,0.0
2290.6253105422729,883.27470570471837,4.2006843203018879e-29,0.0,0.0,0.0
1779.8411695906248,741.15069143700794,7.2377988054027833e-29,0.0,0.0,0.0
1925.7332844838029,648.96318306070884,1.2227344030925683e-29,0.0,0.0,0.0
1129.0435796310405,352.83648847188681,1.2187900985664632e-28,0.0,0.0,0.0
1938.8104613962491,654.74000495047608,7.2377988054027833e-29,0.0,0.0,0.0
1685.5489293003384,512.7844712970026,7.2969633732943592e-29,0.0,0.0,0.0
2096.6885048698323,637.75221919117928,1.705911707540438e-29,0.0,0.0,0.0
2052.3604148318277,831.99809843317507,1.2523166870383562e-29,0.0,0.0,0.0
1726.6744397989848,512.81478645148968,6.8039253075312268e-29,0.0,0.0,0.0
1966.6016008039742,616.60977435663699,1.4593926746588718e-29,0.0,0.0,0.0
1545.042285475128,470.32558651546054,8.1844318916679975e-30,0.0,0.0,0.0
1305.3303813768262,562.0381107859065,1.3410635388757201e-29,0.0,0.0,0.0
1644.1365809182744,633.56796086476152,7.2772418506638339e-29,0.0,0.0,0.0
1458.7137236536084,562.1799126122844,7.2772418506638339e-29,0.0,0.0,0.0
1736.1884120023924,604.17306427223832,1.6861901849099127e-29,0.0,0.0,0.0
1961.6618990149486,731.10352429165232,1.4298103907130839e-29,0.0,0.0,0.0
2109.2698657245996,881.49667990290777,1.2276647837501996e-28,0.0,0.0,0.0
1801.3142982945678,593.86827150753243,1.1537090738857298e-29,0.0,0.0,0.0
1558.1667125589779,469.19642318374861,2.5056194502082387e-28,0.0,0.0,0.0
1735.5073817718246,636.51380147569978,1.270066057405829e-28,0.0,0.0,0.0
1545.5511740407364,430.49294522592641,1.270066057405829e-28,0.0,0.0,0.0
1669.7571965160878,548.95856064369013,7.0110012951517424e-29,0.0,0.0,0.0
1507.021707343981,588.68881813791893,6.8335075914770148e-29,0.0,0.0,0.0
1305.7969180523933,473.86658527713746,7.0997481469891062e-29,0.0,0.0,0.0
2125.1209157260978,829.1637810146234,1.4298103907130839e-29,0.0,0.0,0.0
1589.6432023705604,604.32438618454353,2.3784156292413506e-28,0.0,0.0,0.0
2125.2135156741651,787.8025414413604,1.0846837446788912e-29,0.0,0.0,0.0
1417.6605146362324,476.34563979177187,1.0649622220483659e-29,0.0,0.0,0.0
1321.6326032472753,377.5525964680092,6.7447607396396509e-29,0.0,0.0,0.0
1707.3412829569679,613.52693230923649,1.270066057405829e-28,0.0,0.0,0.0
2058.5348879183844,819.75295866067779,6.9419759659449039e-29,0.0,0.0,0.0
1979.9909865485461,688.32364717733878,1.2621774483536189e-28,0.0,0.0,0.0
1405.3244803209789,537.49313643416815,1.2464002302491987e-28,0.0,0.0,0.0
1908.633118076244,608.26832475524645,7.3758494638164604e-29,0.0,0.0,0.0
2037.6720915732803,771.0850804709878,6.8532291141075401e-29,0.0,0.0,0.0
1499.7023545611912,518.20579458965233,1.8222686910605373e-28,0.0,0.0,0.0
1807.0655266312708,860.81886926843015,1.5806800388366024e-28,0.0,0.0,0.0
1898.6617587841158,598.54115885528518,6.7447607396396509e-29,0.0,0.0,0.0
2084.8524999112733,662.83993822157402,1.2533027631698825e-28,0.0,0.0,0.0
1626.5591392335905,680.25506795103342,4.1464501330679433e-29,0.0,0.0,0.0
1516.7186111251642,562.89091029284737,6.8433683527922774e-29,0.0,0.0,0.0
1489.843459790761,575.3601534505126,7.3659887025011977e-29,0.0,0.0,0.0
1384.7194934073207,493.18820560453497,1.2227344030925683e-29,0.0,0.0,0.0
1715.5100398622656,684.56756557544088,1.2631635244851452e-28,0.0,0.0,0.0
3006.7050978844854,1166.4217974034052,7.5632039288064507e-29,0.0,0.0,0.0
1595.1891532503605,463.06542300091002,1.2621774483536189e-28,0.0,0.0,0.0
1257.5434632515062,502.46089150672714,9.9790904510457993e-29,0.0,0.0,0.0
2098.4526994136027,787.74803895999275,4.1464501330679433e-29,0.0,0.0,0.0
1987.6949810462741,680.07933650704206,7.4843178382843495e-29,0.0,0.0,0.0
2314.0502839716146,868.37212344460386,7.2969633732943592e-29,0.0,0.0,0.0
1748.2633542871959,634.4067257395044,6.6757354104328124e-29,0.0,0.0,0.0
1821.514233898102,828.05716672668245,7.050444340412793e-29,0.0,0.0,0.0
1760.5531684359521,571.28165141814668,1.2434420018546199e-28,0.0,0.0,0.0
1629.0756898612565,532.26514049556954,7.080026624358581e-29,0.0,0.0,0.0
1254.6991929158726,474.15621458446776,1.4199496293978212e-29,0.0,0.0,0.0
1108.1884643057492,405.93522567904381,6.5771277972801859e-29,0.0,0.0,0.0
2256.9551373820955,940.77469433918304,1.6073040943878116e-29,0.0,0.0,0.0
1728.1724148438802,763.6865780127481,1.0491850039439457e-28,0.0,0.0,0.0
1694.2200805474804,684.63521083538183,1.2109014895142531e-28,0.0,0.0,0.0
1455.246916352836,515.16552409729434,1.5086964812351851e-29,0.0,0.0,0.0
1625.3276905363425,567.15900491981643,7.7604191551117036e-29,0.0,0.0,0.0
2156.7835858287895,779.01418693919288,4.4570641144987167e-29,0.0,0.0,0.0
1471.1790168832931,400.3736615543574,1.1635698352009924e-29,0.0,0.0,0.0
1486.4616420204982,571.53063177875515,2.3902485428196658e-28,0.0,0.0,0.0
2096.6797947167138,673.80714408703045,6.5771277972801859e-29,0.0,0.0,0.0
1682.6156681188868,586.84728524658681,1.2523166870383562e-28,0.0,0.0,0.0
2382.6218401394112,920.30179290609715,1.8459345182171676e-28,0.0,0.0,0.0
1042.6031296963581,297.12376555301631,7.0307228177822677e-29,0.0,0.0,0.0
1451.1467255904797,542.25260126055275,1.2187900985664632e-28,0.0,0.0,0.0
1531.8758941219685,554.21410007914119,7.0208620564670051e-29,0.0,0.0,0.0
1628.6814074524891,570.97558949024165,1.806491472956117e-28,0.0,0.0,0.0
1649.0407121376481,601.58298669881492,7.3758494638164604e-29,0.0,0.0,0.0
2511.7110150646968,836.28792138485414,1.4061445635564535e-28,0.0,0.0,0.0
1415.3745175038844,326.21585033423713,1.3095091026668796e-28,0.0,0.0,0.0
1665.6293709559307,600.14674022731651,9.8607613152626476e-30,0.0,0.0,0.0
2439.1765995799419,709.49150913583503,1.3114812549299321e-28,0.0,0.0,0.0
1548.5189296837477,392.50731205080945,1.2602052960905664e-28,0.0,0.0,0.0
1733.7652441701102,716.61740234455658,7.1983557601417327e-29,0.0,0.0,0.0
2330.920849525628,844.06805907894193,1.4298103907130839e-29,0.0,0.0,0.0
1886.1767408377082,697.76069958491496,1.4889749586046598e-29,0.0,0.0,0.0
1963.1064212809913,790.12557958870752,1.6171648557030742e-29,0.0,0.0,0.0
1983.5997367832447,550.21280148214043,4.9254502769736925e-29,0.0,0.0,0.0
1661.9976792280765,581.15284901679331,1.3045787220092483e-28,0.0,0.0,0.0
1346.2558762086219,443.04305113342457,7.1194696696196315e-29,0.0,0.0,0.0
2081.713533951975,778.15367633204426,7.4645963156538242e-29,0.0,0.0,0.0
1624.5773746013751,456.12183400132278,6.8433683527922774e-29,0.0,0.0,0.0
1922.2770724650034,657.37178692887687,1.4100888680825586e-29,0.0,0.0,0.0
1822.939312333426,657.55563852348985,1.270066057405829e-28,0.0,0.0,0.0
1295.8626620089992,464.8187886111877,7.1194696696196315e-29,0.0,0.0,0.0
1947.2405848767353,636.11268838561796,1.6960509462251754e-29,0.0,0.0,0.0
1337.7318035274054,512.50255493542068,7.2082165214569954e-29,0.0,0.0,0.0
1409.4238977755617,458.77830315908557,1.1241267899399418e-29,0.0,0.0,0.0
2152.792633315074,777.10616413590606,6.6855961717480751e-29,0.0,0.0,0.0
1627.5870223902043,525.9102472344623,1.1832913578315177e-29,0.0,0.0,0.0
1705.5044039485731,534.04002840489056,6.6757354104328124e-29,0.0,0.0,0.0
1854.8732470793618,507.42393897166352,1.8104357774822221e-28,0.0,0.0,0.0
1739.0670188304857,618.23577638867982,7.3659887025011977e-29,0.0,0.0,0.0
1316.1276533702119,606.68779296078799,1.7749370367472766e-29,0.0,0.0,0.0
1593.1876101116723,620.11909808326482,7.5040393609148748e-29,0.0,0.0,0.0
1624.624322051842,658.27894041003151,8.0759635172001084e-29,0.0,0.0,0.0
1223.7880213896194,372.31647406873105,7.4547355543385616e-29,0.0,0.0,0.0
2225.9596752136981,879.53153056454778,6.8335075914770148e-29,0.0,0.0,0.0
1402.1470870081937,384.90974899574303,1.3607850615062454e-29,0.0,0.0,0.0
1516.8180343527806,526.19786798260793,7.2082165214569954e-29,0.0,0.0,0.0
1373.6475236880588,495.59363267951073,6.8433683527922774e-29,0.0,0.0,0.0
1231.2561265185075,388.13164151580503,1.9820130243677922e-29,0.0,0.0,0.0
1646.8965020194057,611.23585800642047,6.9222544433143786e-29,0.0,0.0,0.0
2502.6832057878864,870.44205267258189,1.6763294235946501e-29,0.0,0.0,0.0
1825.0325420920153,677.93894763863455,1.8932661725304283e-29,0.0,0.0,0.0
1618.0053530396294,609.29117638622415,1.3312027775604574e-29,0.0,0.0,0.0
1755.6269739621021,541.41209217068092,6.8137860688464895e-29,0.0,0.0,0.0
1522.9815737294923,512.50509331145327,2.2186712959340957e-29,0.0,0.0,0.0
1067.4906112117828,285.53479255458473,7.1983557601417327e-29,0.0,0.0,0.0
1691.1881077215385,658.37708110065728,7.0208620564670051e-29,0.0,0.0,0.0
1723.6245995074332,522.13199610328456,7.050444340412793e-29,0.0,0.0,0.0
1607.3184360162497,653.91333387272516,1.1438483125704671e-29,0.0,0.0,0.0
1904.1734673745227,775.62254209266246,7.1983557601417327e-29,0.0,0.0,0.0
1586.3462586538312,508.09931202535302,2.5933802259140763e-29,0.0,0.0,0.0
1644.2403226684328,477.24453532847281,1.0846837446788912e-29,0.0,0.0,0.0
1307.9696003408053,446.38815044552439,7.2871026119790966e-29,0.0,0.0,0.0
1220.4502575147751,484.34934933790714,1.3607850615062454e-29,0.0,0.0,0.0
2459.8868839755642,772.77269106499261,1.5086964812351851e-29,0.0,0.0,0.0
1067.1997765199289,359.85086179782337,1.1832913578315177e-29,0.0,0.0,0.0
1351.8738721291265,452.94683082016286,1.5086964812351851e-29,0.0,0.0,0.0
1385.3195496865578,372.49573995963561,6.8335075914770148e-29,0.0,0.0,0.0
1225.262707905943,394.50875326057411,6.8433683527922774e-29,0.0,0.0,0.0
948.17170391408024,255.70157152212391,7.2871026119790966e-29,0.0,0.0,0.0
1065.9256351083313,392.9337276492746,6.5672670359649233e-29,0.0,0.0,0.0
1070.9570612587565,375.99810982719697,1.1537090738857298e-29,0.0,0.0,0.0
937.32081276876443,229.2314924194464,7.1194696696196315e-29,0.0,0.0,0.0
1173.7727805513382,311.79017714011781,6.6560138878022871e-29,0.0,0.0,0.0
1488.2156478171939,547.77602657597822,1.5086964812351851e-29,0.0,0.0,0.0
1146.2290727392401,361.50849382943187,7.0405835790975304e-29,0.0,0.0,0.0
947.52266871523909,265.10108973098477,1.4396711520283465e-29,0.0,0.0,0.0
1097.6256109044662,383.61528103731689,1.4298103907130839e-29,0.0,0.0,0.0
1027.67976576102,313.2571351752577,1.6960509462251754e-29,0.0,0.0,0.0
1401.0534155197236,435.10304585342658,7.2969633732943592e-29,0.0,0.0,0.0
1391.7920330441843,408.84838252321049,7.0110012951517424e-29,0.0,0.0,0.0
1462.5680504037946,517.34487650971221,6.4883809454428221e-29,0.0,0.0,0.0
790.84566952602199,213.50926402873478,1.8143800820083272e-28,0.0,0.0,0.0
1282.3117061832963,359.74595141891439,6.5771277972801859e-29,0.0,0.0,0.0
1516.0819989607671,433.76872476114693,1.6171648557030742e-29,0.0,0.0,0.0
1046.9802819852487,348.58896257720511,1.5185572425504477e-29,0.0,0.0,0.0
1048.30832348114,412.07601946856244,1.1734305965162551e-29,0.0,0.0,0.0
1157.2834548292321,357.34115372339505,2.2778358638256716e-29,0.0,0.0,0.0
1009.95747282634,277.11008520627126,6.9518367272601665e-29,0.0,0.0,0.0
953.34014092445113,217.6798213309045,9.0719004100416358e-30,0.0,0.0,0.0
976.30174152698396,239.75309270069468,6.7447607396396509e-29,0.0,0.0,0.0
1514.330470263307,497.40743603926546,7.2969633732943592e-29,0.0,0.0,0.0
1192.8282437376472,362.61085892574897,1.2523166870383562e-29,0.0,0.0,0.0
706.96162352548174,181.65861168948791,9.5945207597505561e-29,0.0,0.0,0.0
996.89342038598375,233.61866816534049,1.9721522630525295e-29,0.0,0.0,0.0
1045.3165698081816,280.29682191639404,1.5185572425504477e-29,0.0,0.0,0.0
1452.3910806785527,555.78797777441741,7.1194696696196315e-29,0.0,0.0,0.0
1045.1948109984407,382.2640063184258,1.1832913578315177e-29,0.0,0.0,0.0
1308.5554994578972,504.59538765915704,7.0110012951517424e-29,0.0,0.0,0.0
1456.4282457824606,481.62556175689321,7.3758494638164604e-29,0.0,0.0,0.0
1405.5037319106013,501.01862475670578,1.5284180038657104e-29,0.0,0.0,0.0
1603.5236929159414,661.02549648422973,6.7743430235854389e-29,0.0,0.0,0.0
1418.5639095675936,508.05351059720402,6.5968493199107112e-29,0.0,0.0,0.0
1531.5577417828003,411.47533539230312,1.5974433330725489e-29,0.0,0.0,0.0
1364.4779515495827,418.72316082686996,1.2720382096688815e-29,0.0,0.0,0.0
1046.4588356346721,320.21217085622038,6.6757354104328124e-29,0.0,0.0,0.0
1275.556530642433,433.74679367767072,1.2434420018546199e-28,0.0,0.0,0.0
1134.0079398203043,363.41474848539923,7.2673810893485713e-29,0.0,0.0,0.0
476.46922197088134,158.01021389153263,1.2868293516417755e-28,0.0,0.0,0.0
1599.9078084236605,555.85537699325369,1.2996483413516169e-28,0.0,0.0,0.0
1625.386885909704,540.84458128778851,1.2444280779861461e-28,0.0,0.0,0.0
1605.8087535140276,539.71661940932256,1.2710521335373553e-28,0.0,0.0,0.0
1034.5932421082061,334.67746990713772,1.8439623659541151e-28,0.0,0.0,0.0
2002.2860332437829,721.895420285672,1.4298103907130839e-29,0.0,0.0,0.0
861.16930990884919,287.22844575799246,6.8335075914770148e-29,0.0,0.0,0.0
921.24140084751582,276.88384856096224,7.3659887025011977e-29,0.0,0.0,0.0
1684.9518786589481,621.87287966196698,1.7157724688557007e-29,0.0,0.0,0.0
1386.7283942746192,547.26218031542055,7.2772418506638339e-29,0.0,0.0,0.0
1841.6988461717692,706.20648370454683,1.2533027631698825e-28,0.0,0.0,0.0
1202.1464886310091,326.51676949755739,6.8729506367380654e-29,0.0,0.0,0.0
1286.4984904083967,379.78069320608614,1.2710521335373553e-28,0.0,0.0,0.0
1919.4707593341177,839.21987074602919,1.8932661725304283e-29,0.0,0.0,0.0
914.57113337909641,365.52361451558119,7.2772418506638339e-29,0.0,0.0,0.0
1333.9965993401993,549.41092144942411,1.9228484564762163e-29,0.0,0.0,0.0
1198.3400417185951,385.45881995947525,7.1884949988264701e-29,0.0,0.0,0.0
1441.1261575859469,457.78785513873277,1.2611913722220926e-28,0.0,0.0,0.0
909.59503986297875,309.66850933266471,1.2779546664580391e-28,0.0,0.0,0.0
1540.4948424021104,509.18714660823639,8.2041534142985228e-29,0.0,0.0,0.0
1015.5088958557963,244.12006400525075,7.3758494638164604e-29,0.0,0.0,0.0
1169.2546437325439,359.50626211233941,3.906833633107061e-28,3.6484816866471796e-30,0.0,0.0
1465.2286057899244,424.75924448793717,1.2237204792240946e-28,0.0,0.0,0.0
691.84333408566056,198.3163569059368,1.7591598186428563e-28,0.0,0.0,0.0
1057.5394235470849,355.28199811898003,6.9518367272601665e-29,0.0,0.0,0.0
830.79003953622919,245.85394018131399,7.8491660069490675e-29,0.0,0.0,0.0
1740.7011474994385,599.86044843786055,2.0608991148898933e-29,0.0,0.0,0.0
1395.5561047639806,460.17075950208124,1.4298103907130839e-29,0.0,0.0,0.0
1480.618171987082,450.01350907249787,6.7447607396396509e-29,0.0,0.0,0.0
1907.0288429030722,713.21684648704365,1.2345673166708835e-28,0.0,0.0,0.0
1551.046012472822,509.43049757040967,7.5632039288064507e-29,0.0,0.0,0.0
1407.9155307657331,382.63514194511089,1.3312027775604574e-29,0.0,0.0,0.0
1151.5038035403679,411.75595534244661,1.5974433330725489e-29,0.0,0.0,0.0
723.24906125927725,198.15741284810818,1.7857838741940655e-28,0.0,0.0,0.0
927.61558513266505,264.26745596381949,1.2345673166708835e-28,0.0,0.0,0.0
632.78642690326672,197.84757932504445,1.2966901129570382e-28,0.0,0.0,0.0
538.68244020793259,90.137818960827019,1.288801503904828e-28,0.0,0.0,0.0
1946.7992676134072,699.54476150246103,7.0110012951517424e-29,0.0,0.0,0.0
1161.7940307514828,348.22275096599486,1.7936724832462756e-28,0.0,0.0,0.0
1588.6656266719413,554.39019903092617,7.385710225131723e-29,0.0,0.0,0.0
1459.7630213769542,424.18515576946078,1.0846837446788912e-29,0.0,0.0,0.0
1120.2409484753523,330.69670942931663,7.1490519535654195e-29,0.0,0.0,0.0
1147.3466676812807,434.60801440080002,3.1653043821993099e-29,8.8746851837363828e-31,0.0,0.0
962.61911846667033,389.12011322013331,1.7847977980625392e-29,0.0,0.0,0.0
975.68330320676102,351.35413768009573,1.2533027631698825e-28,0.0,0.0,0.0
828.73715014468883,180.50455185011413,1.344514805336062e-28,0.0,0.0,0.0
843.33724581540378,303.70520318482829,1.2355533928024097e-28,0.0,0.0,0.0
899.08838617378933,265.33695474575075,2.1792282506730451e-29,0.0,0.0,0.0
1470.58692489447,423.58902475978152,1.5086964812351851e-29,0.0,0.0,0.0
1317.2393715622518,411.87091414675314,1.5284180038657104e-29,0.0,0.0,0.0
1188.4854106901839,440.65105453643571,6.51796322938861e-29,0.0,0.0,0.0
752.65325984510127,175.69727152329176,6.9222544433143786e-29,0.0,0.0,0.0
1177.9402937731063,451.65113104966883,1.2276647837501996e-28,0.0,0.0,0.0
1568.1100351325308,603.6134269755695,7.4547355543385616e-29,0.0,0.0,0.0
794.12666834744414,255.26525129821229,1.2799268187210917e-28,0.0,0.0,0.0
1911.6412088439567,651.09762778767265,7.0110012951517424e-29,0.0,0.0,0.0
999.81898972556303,344.73825863901601,6.7842037849007015e-29,0.0,0.0,0.0
1555.9399762836492,434.1704902615204,1.0649622220483659e-29,0.0,0.0,0.0
1424.6512055136502,458.20546159162075,1.2256926314871471e-28,0.0,0.0,0.0
1508.1309445058237,668.81742017333988,6.9321152046296412e-29,0.0,0.0,0.0
904.19493583061751,282.35192849069563,7.1786342375112074e-29,0.0,0.0,0.0
1056.1468213796679,307.50535355502871,6.7644822622701762e-29,0.0,0.0,0.0
1267.2586350422985,476.07718917585544,1.7847977980625392e-29,0.0,0.0,0.0
1166.7896770232692,348.97117175923307,1.6664686622793874e-29,0.0,0.0,0.0
1738.6829029815228,590.21420659412229,7.6420900193285519e-29,0.0,0.0,0.0
966.30915914180162,269.79383551839243,1.4495319133436092e-29,0.0,0.0,0.0
1330.8464897748497,402.30057017813238,1.2779546664580391e-28,0.0,0.0,0.0
1375.3750350811197,512.23288162525228,6.6658746491175498e-29,0.0,0.0,0.0
514.20609798512066,140.59252336237392,6.6658746491175498e-29,0.0,0.0,0.0
892.98074716132646,224.07051533116186,6.8335075914770148e-29,0.0,0.0,0.0
1286.1709640671215,437.87401735179924,7.1983557601417327e-29,0.0,0.0,0.0
1148.0519819231426,439.23044649373566,1.217804022434937e-28,0.0,0.0,0.0
1156.1498983305289,463.1670781284389,1.2424559257230936e-28,0.0,0.0,0.0
1125.0207715055162,440.34360879045886,6.6362923651717618e-29,0.0,0.0,0.0
1184.8504529072936,441.5679933172666,6.9518367272601665e-29,0.0,0.0,0.0
1156.9253089985323,468.73445878766512,1.6960509462251754e-29,0.0,0.0,0.0
1475.3275045802829,446.99283647446197,1.0846837446788912e-29,0.0,0.0,0.0
1497.2459371787195,580.37637305257397,7.1194696696196315e-29,0.0,0.0,0.0
1670.2516621437287,624.63353907555688,1.1635698352009924e-29,0.0,0.0,0.0
1340.7811403231649,386.92437107441179,1.4199496293978212e-29,0.0,0.0,0.0
776.75307896098161,213.65025019473109,4.6246970568581817e-29,8.8746851837363828e-31,0.0,0.0
1272.4177852558632,428.5651846371174,1.5284180038657104e-29,0.0,0.0,0.0
693.72743123836869,232.33464813665324,1.1339875512552045e-29,0.0,0.0,0.0
1281.896916703301,395.95223057770716,6.9321152046296412e-29,0.0,0.0,0.0
1684.2427245752483,692.34423625150509,7.1884949988264701e-29,0.0,0.0,0.0
1721.5519556521733,659.46056154510768,1.3509243001909827e-29,0.0,0.0,0.0
1813.9604424350471,719.91352012774553,7.0307228177822677e-29,0.0,0.0,0.0
1298.5638774199219,374.70688341021872,1.0748229833636286e-29,0.0,0.0,0.0
1456.0917131673159,560.00338729250211,2.6919878390667028e-29,0.0,0.0,0.0
687.98613366718348,208.32364467795975,2.8103169748498546e-29,0.0,0.0,0.0
1189.0071244731223,417.5611540488581,6.6757354104328124e-29,0.0,0.0,0.0
1471.6198058600337,497.86247657955272,7.7406976324811783e-29,0.0,0.0,0.0
1258.2449577774776,428.80390048558809,1.9721522630525295e-29,0.0,0.0,0.0
671.02635782855589,177.4114018780036,6.9222544433143786e-29,0.0,0.0,0.0
1039.1413882364031,479.53359742455166,6.7546215009549136e-29,0.0,0.0,0.0
1506.5773615798648,406.94165275507362,6.8335075914770148e-29,0.0,0.0,0.0
846.47382508501585,264.43311580642165,8.1449888464069469e-29,0.0,0.0,0.0
1626.6823913963824,532.75924570961536,2.238392818564621e-29,0.0,0.0,0.0
1206.8519428324469,458.79749009095156,1.2749964380634603e-28,0.0,0.0,0.0
1842.1629612170195,689.15761612435028,6.5771277972801859e-29,0.0,0.0,0.0
1050.2953504388095,454.2975313466842,6.8433683527922774e-29,0.0,0.0,0.0
2075.7572487821817,747.12795613078799,1.3450078434018251e-28,0.0,0.0,0.0
1637.456338586479,529.7983500128762,1.2168179463034107e-28,0.0,0.0,0.0
1092.8982941578304,318.83509498024597,1.2325951644078309e-29,0.0,0.0,0.0
1079.8783586580607,375.51058247943416,1.2779546664580391e-28,0.0,0.0,0.0
879.4272237701723,282.47182869798934,5.2902984456384104e-29,0.0,0.0,0.0
999.76229271487841,338.15563762029677,1.2710521335373553e-28,0.0,0.0,0.0
1528.696020952699,423.77349546253777,7.080026624358581e-29,0.0,0.0,0.0
1328.3312388801487,382.57894951286244,1.7749370367472766e-29,0.0,0.0,0.0
1420.3854675582622,440.86002078747703,2.406025760924086e-29,0.0,0.0,0.0
1304.6416582109762,484.48169630447887,7.0603051017280557e-29,0.0,0.0,0.0
1563.4283607087532,508.22818777009076,1.8035332445615382e-28,0.0,0.0,0.0
1761.7371726383781,672.86651874661084,7.3068241346096218e-29,0.0,0.0,0.0
1188.0666673941528,439.23189057572222,7.1096089083043689e-29,0.0,0.0,0.0
1882.7132945503822,609.15874266728747,6.9616974885754292e-29,0.0,0.0,0.0
1371.1056781272343,437.04314806022717,1.1537090738857298e-29,0.0,0.0,0.0
1363.12938068628,433.84390655004012,1.203012880462043e-29,0.0,0.0,0.0
1405.7342639063484,519.38109431703242,6.6757354104328124e-29,0.0,0.0,0.0
917.31538842583382,329.86723859655865,6.8630898754228027e-29,0.0,0.0,0.0
1341.258605201682,483.80190423075862,7.2871026119790966e-29,0.0,0.0,0.0
1129.1934035681334,353.37388355398349,1.2523166870383562e-28,0.0,0.0,0.0
1395.9909207534781,464.13355010023997,1.2266787076186734e-28,0.0,0.0,0.0
1342.3992407778094,443.07965385387126,7.1687734761959448e-29,0.0,0.0,0.0
1710.7137876575628,569.0849406012801,7.0405835790975304e-29,0.0,0.0,0.0
1504.1492007400029,631.27061219738073,1.25133061090683e-28,0.0,0.0,0.0
1841.7359026639992,700.59769651306999,7.4547355543385616e-29,0.0,0.0,0.0
781.8527842981307,177.99925882812414,1.8133940058768009e-28,0.0,0.0,0.0
1036.3662261633804,378.93882687555424,6.7546215009549136e-29,0.0,0.0,0.0
990.57563581473005,393.99218559680355,1.4298103907130839e-29,0.0,0.0,0.0
1855.4628129990626,597.21987255928866,1.5284180038657104e-29,0.0,0.0,0.0
1594.3408772493544,449.37607676174912,2.7117093616972281e-29,0.0,0.0,0.0
1085.1657063645848,360.00975112201729,1.3410635388757201e-29,0.0,0.0,0.0
1233.3974278564876,434.4243660272486,7.4547355543385616e-29,0.0,0.0,0.0
1503.1746103241339,509.77281342693226,7.1884949988264701e-29,0.0,0.0,0.0
1669.6419674335648,593.76299483213961,7.6026469740675013e-29,0.0,0.0,0.0
1814.5266239208495,489.66614732666801,7.2772418506638339e-29,0.0,0.0,0.0
1241.8297892912508,394.66029458995081,1.2533027631698825e-28,0.0,0.0,0.0
1375.0858289705563,500.84710426418809,6.4785201841275595e-29,0.0,0.0,0.0
1382.0288685440908,527.86831271702704,1.2878154277733018e-28,0.0,0.0,0.0
1306.1896192303864,429.94421033543887,6.8335075914770148e-29,0.0,0.0,0.0
1195.764386553059,401.3311733372858,7.0307228177822677e-29,0.0,0.0,0.0
1090.4704013516066,332.61061596645663,6.8532291141075401e-29,0.0,0.0,0.0
789.63645170164693,194.58334086143955,1.0087558825513688e-28,0.0,0.0,0.0
1135.4176108263543,396.06194437648946,7.5434824061759254e-29,0.0,0.0,0.0
977.44715021592674,273.63605862564708,7.0110012951517424e-29,0.0,0.0,0.0
925.21995668168233,292.25619514462448,6.4193556162359836e-29,0.0,0.0,0.0
1709.8218293554139,485.01757304550136,1.2542888393014088e-28,0.0,0.0,0.0
1549.0142750887112,470.59819963171356,1.5086964812351851e-29,0.0,0.0,0.0
1567.4066612648116,539.58850272941936,8.3027610274511493e-29,0.0,0.0,0.0
1002.485331152213,288.57606985961127,7.0997481469891062e-29,0.0,0.0,0.0
1169.6765730988604,389.19478478354847,7.0405835790975304e-29,0.0,0.0,0.0
2077.8543914072375,851.67116196513791,1.6171648557030742e-29,0.0,0.0,0.0
1972.9944347797784,651.13354068854051,6.6560138878022871e-29,0.0,0.0,0.0
696.74589441482408,132.70200064722223,1.2838711232471967e-28,0.0,0.0,0.0
920.7361433337652,261.94446320975885,2.439552349395979e-28,0.0,0.0,0.0
1167.767159206074,356.68116823771305,7.0110012951517424e-29,0.0,0.0,0.0
1019.5546496819258,368.16930769741862,1.1734305965162551e-29,0.0,0.0,0.0
706.95162559938228,169.88353270759228,1.2345673166708835e-28,0.0,0.0,0.0
1361.1325656782335,523.66821181716341,9.8607613152626476e-30,0.0,0.0,0.0
816.15943336640157,214.72661667626147,6.7743430235854389e-29,0.0,0.0,0.0
1093.1731329707186,506.04275038479659,1.7650762754320139e-29,0.0,0.0,0.0
872.3630852481316,294.88135493989921,1.3144394833245109e-28,0.0,0.0,0.0
1368.0672679031588,467.02591273626376,1.3509243001909827e-29,0.0,0.0,0.0
1052.7847170057455,300.72004402858175,8.085824278515371e-30,0.0,0.0,0.0
1143.8857537863655,431.95256733689234,6.9222544433143786e-29,0.0,0.0,0.0
1029.4598468569643,353.33867127382155,1.8834054112151657e-29,0.0,0.0,0.0
515.78238985148789,156.75594714121158,6.9222544433143786e-29,0.0,0.0,0.0
875.89217798461368,198.35181921534368,1.2355533928024097e-28,0.0,0.0,0.0
766.31290730931016,246.47294892029333,1.2868293516417755e-28,0.0,0.0,0.0
746.27994619688207,230.78228094980278,6.9321152046296412e-29,0.0,0.0,0.0
733.24694823558229,153.79212935564232,1.3292306252974049e-28,0.0,0.0,0.0
1407.805282100192,465.24474329562622,6.7644822622701762e-29,0.0,0.0,0.0
855.60541008696771,269.41685855813461,1.2069571849881481e-28,0.0,0.0,0.0
777.06912599448162,177.39394862858771,1.2168179463034107e-28,0.0,0.0,0.0
962.49691871014238,285.25492822862975,1.6960509462251754e-29,0.0,0.0,0.0
569.71190876756123,142.37664143429512,6.7546215009549136e-29,0.0,0.0,0.0
574.13522702235036,104.33334117162036,1.8370598330334312e-28,0.0,0.0,0.0
1005.1365619121482,291.79352077687804,1.1931521191467804e-29,0.0,0.0,0.0
1072.880022140278,256.20853841351948,1.3312027775604574e-29,0.0,0.0,0.0
1083.5524171864972,419.33147508427766,1.3607850615062454e-29,0.0,0.0,0.0
1114.7031377834937,323.14442708243956,6.3108872417680944e-30,0.0,0.0,0.0
964.22007239044865,267.12856785962191,6.9419759659449039e-29,0.0,0.0,0.0
714.93643805223201,226.66451151036298,1.5875825717572863e-29,0.0,0.0,0.0
731.48925956303049,209.4875802961765,7.4054317477622483e-29,0.0,0.0,0.0
794.57134870484492,225.953214110554,6.9518367272601665e-29,0.0,0.0,0.0
936.45462061435217,309.47747492320696,1.2602052960905664e-28,0.0,0.0,0.0
1164.1681193222307,365.45214679548053,7.5632039288064507e-29,0.0,0.0,0.0
1075.916556345722,361.37547655552589,6.9419759659449039e-29,0.0,0.0,0.0
849.31212917442554,277.5863319009618,7.7012545872201278e-29,0.0,0.0,0.0
1168.0936039960573,334.16114996173366,1.3312027775604574e-28,0.0,0.0,0.0
252.67002707686694,20.52167971268705,1.2316090882763047e-28,0.0,0.0,0.0
724.98971553692468,222.68472754374073,6.6757354104328124e-29,0.0,0.0,0.0
1022.4403346912967,290.27795451164525,1.2444280779861461e-28,0.0,0.0,0.0
1059.7857311032312,305.72800267644857,7.1096089083043689e-29,0.0,0.0,0.0
860.39395389104016,216.44824806624788,1.2868293516417755e-28,0.0,0.0,0.0
911.09779944984552,330.66419287577071,1.5974433330725489e-29,0.0,0.0,0.0
886.91451777855377,173.73608771112521,1.2611913722220926e-28,0.0,0.0,0.0
825.68169118844855,281.70533204599866,7.0405835790975304e-29,0.0,0.0,0.0
517.39476351284895,90.025048465320523,1.0748229833636286e-29,0.0,0.0,0.0
616.91869523419825,165.95174033426792,5.2557857810349912e-29,0.0,0.0,0.0
1505.2694951336525,463.4132013829655,6.5968493199107112e-29,0.0,0.0,0.0
809.71360456394723,191.75516411010139,7.1194696696196315e-29,0.0,0.0,0.0
779.95268645487579,256.36900188353729,1.3410635388757201e-29,0.0,0.0,0.0
560.00003692818825,132.98920751971588,2.0549826581007358e-28,2.6624055551209148e-30,0.0,0.0
640.107951396923,181.9653642760158,1.2493584586437774e-28,0.0,0.0,0.0
876.16862672908792,352.4240005087496,7.0997481469891062e-29,0.0,0.0,0.0
873.63731550718592,335.73463190807843,6.6658746491175498e-29,0.0,0.0,0.0
762.50901942095334,273.25656898672065,6.5968493199107112e-29,0.0,0.0,0.0
640.35135409387408,157.92876981850472,1.3410635388757201e-29,0.0,0.0,0.0
820.88923840172163,236.59805076977568,1.2335812405393572e-28,0.0,0.0,0.0
1117.3921362267995,393.87961466465077,6.8532291141075401e-29,0.0,0.0,0.0
567.92133075638162,150.97800717007075,1.2444280779861461e-28,0.0,0.0,0.0
745.15617167876314,246.01377484300863,1.2957040368255119e-28,0.0,0.0,0.0
1050.8096423798468,331.58162022847409,7.2772418506638339e-29,0.0,0.0,0.0
1059.9041831482939,402.18731494554976,1.3213420162451948e-29,0.0,0.0,0.0
744.79143089772208,317.00978107631812,6.9419759659449039e-29,0.0,0.0,0.0
769.36227552521359,202.25418711082153,1.2247065553556208e-28,0.0,0.0,0.0
892.80478371465881,241.84077462950466,2.4257472835546113e-29,0.0,0.0,0.0
1224.6217108097242,391.01977745238634,1.6664686622793874e-29,0.0,0.0,0.0
1180.9805354820592,351.57873667383797,6.9321152046296412e-29,0.0,0.0,0.0
783.34580290365409,262.03972030121707,8.3816471179732504e-29,0.0,0.0,0.0
1192.3589063814834,441.39637975606587,1.3312027775604574e-29,0.0,0.0,0.0
665.05189548563453,199.66319757665929,7.1490519535654195e-29,0.0,0.0,0.0
1963.337108398506,617.5536312549491,1.7847977980625392e-29,0.0,0.0,0.0
640.75054778369588,91.204107231993135,1.8114218536137484e-28,0.0,0.0,0.0
964.69392315569382,320.59407776710839,7.0110012951517424e-29,0.0,0.0,0.0
1332.7700537150367,515.56035407421348,1.0649622220483659e-29,0.0,0.0,0.0
791.3501381397059,226.1718444512473,7.553343167491188e-29,0.0,0.0,0.0
395.72633768024741,76.866665054730035,1.1990685759359379e-28,0.0,0.0,0.0
1440.1005403535999,505.7069731016125,7.2772418506638339e-29,0.0,0.0,0.0
568.37568523634252,137.91311935922295,7.2871026119790966e-29,0.0,0.0,0.0
552.55841661482225,137.01600070751454,6.7447607396396509e-29,0.0,0.0,0.0
1201.865545442618,354.34905241633601,1.0452406994178406e-29,0.0,0.0,0.0
593.97575440323953,164.74187196291894,1.2074502230539112e-28,0.0,0.0,0.0
704.71287242918117,283.43992643029679,1.6171648557030742e-29,0.0,0.0,0.0
797.9252332630665,216.07329567011502,6.8729506367380654e-29,0.0,0.0,0.0
981.60445191583995,364.51318935661004,1.0748229833636286e-29,0.0,0.0,0.0
1140.2428526720635,319.99770546793286,1.8390319852964838e-28,0.0,0.0,0.0
1657.6223909888081,504.4210645982418,1.6171648557030742e-29,0.0,0.0,0.0
913.06669697892494,218.76915326960142,7.4645963156538242e-29,0.0,0.0,0.0
927.05760910769357,374.44414201228551,6.9222544433143786e-29,0.0,0.0,0.0
979.51521949487528,300.01260472373184,1.1537090738857298e-29,0.0,0.0,0.0
509.46740308369988,108.7543801656645,1.802547168430012e-28,0.0,0.0,0.0
1347.7105771584106,439.76709213067119,1.2523166870383562e-29,0.0,0.0,0.0
1091.3419667032883,363.83020731876002,1.0945445059941539e-29,0.0,0.0,0.0
818.19923093892805,247.66089886869679,1.5974433330725489e-29,0.0,0.0,0.0
672.88961369456888,183.58312321099947,7.0110012951517424e-29,0.0,0.0,0.0
1951.5039582597813,584.12954453536929,1.25133061090683e-28,0.0,0.0,0.0
611.45514951894472,218.02186700179655,1.1734305965162551e-29,0.0,0.0,0.0
573.42629772685768,156.94840018760246,1.2779546664580391e-28,0.0,0.0,0.0
749.89601594440035,218.79834744395356,1.2680939051427765e-28,0.0,0.0,0.0
721.65202911134588,174.38334476501581,7.3659887025011977e-29,0.0,0.0,0.0
572.80629409485357,123.01755418883477,1.8291712239812211e-28,0.0,0.0,0.0
1053.720922851348,361.55818175336015,1.322328092376721e-28,0.0,0.0,0.0
812.3204872870549,198.7951817034799,7.1194696696196315e-29,0.0,0.0,0.0
718.56160254725444,147.55951451584383,7.582925451436976e-29,0.0,0.0,0.0
1209.0754621417791,337.54761203956673,1.4298103907130839e-29,0.0,0.0,0.0
751.20994266496507,187.86780910876496,1.2710521335373553e-28,0.0,0.0,0.0
1117.1937278872047,349.59664142849914,1.2799268187210917e-28,0.0,0.0,0.0
767.50330362459192,284.67551334172452,1.5185572425504477e-29,0.0,0.0,0.0
873.47408353920298,311.87347662643162,1.0748229833636286e-29,0.0,0.0,0.0
513.65725456397263,142.91056589297062,7.553343167491188e-29,0.0,0.0,0.0
1022.3705362979473,221.82330431362831,1.2256926314871471e-28,0.0,0.0,0.0
596.29284717551218,208.27522185213257,1.7769091890103291e-28,0.0,0.0,0.0
898.72360280918838,270.40499693358748,1.2079432611196743e-28,0.0,0.0,0.0
595.70761179029716,162.76842841274464,1.2454141541176724e-28,0.0,0.0,0.0
1214.6610378533298,350.28154549897346,7.3659887025011977e-29,0.0,0.0,0.0
960.32373865083594,380.89301661754121,1.5392648413124993e-28,0.0,0.0,0.0
485.81007727996484,135.7565121349169,6.7842037849007015e-29,0.0,0.0,0.0
714.47040441334593,195.33334627171894,1.4100888680825586e-29,0.0,0.0,0.0
795.08721496375551,252.34763941940682,9.8607613152626476e-30,0.0,0.0,0.0
719.30753707312044,301.65867299829108,1.2641496006166714e-28,0.0,0.0,0.0
1034.3028146266017,286.02120907130512,1.3509243001909827e-29,0.0,0.0,0.0
981.76358609044667,326.95864708471464,7.5336216448606627e-29,0.0,0.0,0.0
447.41774194108496,119.3487659994841,1.2878154277733018e-28,0.0,0.0,0.0
970.81105532983099,297.48387168561538,7.6322292580132892e-29,0.0,0.0,0.0
1199.4947732980372,408.7348130332494,1.400228106767296e-29,0.0,0.0,0.0
497.28456716131336,104.66413517674971,1.2345673166708835e-28,0.0,0.0,0.0
1286.1997398342176,396.53968820881693,1.2523166870383562e-29,0.0,0.0,0.0
832.67663662176255,236.01295083896582,7.5434824061759254e-29,0.0,0.0,0.0
1479.7219053394087,435.30093229127124,1.5185572425504477e-29,0.0,0.0,0.0
508.2062485120598,126.99439315405905,6.8433683527922774e-29,0.0,0.0,0.0
883.94152509845867,343.8361766951424,1.2256926314871471e-28,0.0,0.0,0.0
806.74376337084186,212.10177466241603,7.9872166653627445e-29,0.0,0.0,0.0
1028.7001936606694,301.0596436129523,1.0748229833636286e-29,0.0,0.0,0.0
927.30816416444475,210.75574033606151,1.2523166870383562e-28,0.0,0.0,0.0
909.92901403178269,291.71045208841235,1.4199496293978212e-29,0.0,0.0,0.0
524.84674384795164,111.08629577896096,7.6322292580132892e-29,0.0,0.0,0.0
773.31865089143025,240.65781490946785,1.3430356911387726e-28,0.0,0.0,0.0
617.75317473479447,190.42216568358168,6.7546215009549136e-29,0.0,0.0,0.0
1339.982390317464,374.11233204965203,1.8380459091649575e-28,0.0,0.0,0.0
577.20697249598334,175.01572145771024,7.4547355543385616e-29,0.0,0.0,0.0
1466.828720838902,513.11002912028277,7.0208620564670051e-29,0.0,0.0,0.0
593.64169494519615,156.38637821691469,1.2444280779861461e-28,0.0,0.0,0.0
784.00603624963696,181.35307743669128,7.7406976324811783e-29,0.0,0.0,0.0
786.61022810392058,281.82323384722264,1.2523166870383562e-28,0.0,0.0,0.0
1340.7861730918528,509.39186251301152,1.0649622220483659e-29,0.0,0.0,0.0
1599.6635903593499,590.83998573495717,2.1693674893577825e-29,0.0,0.0,0.0
729.95619916187479,248.87334996690996,1.2424559257230936e-29,0.0,0.0,0.0
892.40864133496893,236.04082435805887,1.6960509462251754e-29,0.0,0.0,0.0
1372.61648717104,504.21977539030382,6.7644822622701762e-29,0.0,0.0,0.0
684.89428046400451,169.41065348288478,6.5574062746496606e-29,0.0,0.0,0.0
952.48326657819814,232.77589904499081,7.1096089083043689e-29,0.0,0.0,0.0
1228.4455080160819,377.76166415541206,6.6560138878022871e-29,0.0,0.0,0.0
750.94129156364022,282.30962803518833,1.2404837734600411e-28,0.0,0.0,0.0
816.85600021678624,296.78921099916448,7.2871026119790966e-29,0.0,0.0,0.0
857.00142502556196,200.62815144271983,1.4889749586046598e-29,0.0,0.0,0.0
531.92591234208805,195.60673656738768,1.0748229833636286e-29,0.0,0.0,0.0
666.85810836661688,146.94585874640262,1.2809128948526179e-28,0.0,0.0,0.0
979.0193888583517,376.84802605364331,1.1537090738857298e-29,0.0,0.0,0.0
1242.3483407316621,434.26634367344974,1.5086964812351851e-29,0.0,0.0,0.0
1186.880648659363,336.91702981543563,1.2789407425895654e-28,0.0,0.0,0.0
828.05938824269799,237.73719084150773,6.6757354104328124e-29,0.0,0.0,0.0
674.94972654692344,167.33299659013457,1.4298103907130839e-28,0.0,0.0,0.0
699.57663543425758,234.595762657991,7.2871026119790966e-29,0.0,0.0,0.0
1209.6407098234081,346.42030169288847,7.1194696696196315e-29,0.0,0.0,0.0
556.52646989819414,125.25087140212057,6.8335075914770148e-29,0.0,0.0,0.0
569.37373318531309,115.80424911970471,7.4547355543385616e-29,0.0,0.0,0.0
1010.5815466835461,403.28504902604305,7.4547355543385616e-29,0.0,0.0,0.0
1030.3019529319849,296.45418527959083,1.9524307404220042e-29,0.0,0.0,0.0
1124.7638262240682,377.81303106294394,1.2631635244851452e-28,0.0,0.0,0.0
1035.6317811659464,317.0884036555849,7.0997481469891062e-29,0.0,0.0,0.0
1319.6511518706563,455.2622905028868,6.4883809454428221e-29,0.0,0.0,0.0
1334.4600631099036,386.54619243484234,7.2969633732943592e-29,0.0,0.0,0.0
542.72785666239031,108.30619293002941,1.3312027775604574e-29,0.0,0.0,0.0
638.26169175851317,190.71796027285649,7.4350140317080363e-29,0.0,0.0,0.0
915.31092958791885,261.71662210199963,7.2772418506638339e-29,0.0,0.0,0.0
781.85143555970467,216.49944264199814,8.8746851837363828e-30,0.0,0.0,0.0
1197.5606299357173,328.87431657458694,7.2871026119790966e-29,0.0,0.0,0.0
691.1690934863492,192.03250865675153,1.6171648557030742e-29,0.0,0.0,0.0
810.28214181840951,218.06588650895674,1.322328092376721e-28,0.0,0.0,0.0
809.92100788156984,263.4236930505283,1.6664686622793874e-29,0.0,0.0,0.0
696.43010621684596,191.27343534593194,6.6757354104328124e-29,0.0,0.0,0.0
938.12638480336466,261.5093268769923,1.6073040943878116e-29,0.0,0.0,0.0
1289.1223644651168,449.21125154047695,7.247659566718046e-29,0.0,0.0,0.0
985.97265787441211,295.710757490292,2.0510383535746307e-29,0.0,0.0,0.0
825.7219245531038,253.1741584389456,1.236539468933936e-28,0.0,0.0,0.0
655.18705815424642,186.79966312567134,7.218077282772258e-29,0.0,0.0,0.0
1275.9066405580852,356.11112387108835,7.1983557601417327e-29,0.0,0.0,0.0
1175.4647963839375,297.87478353563154,7.0405835790975304e-29,0.0,0.0,0.0
1414.7519183885061,524.32708558396257,7.2969633732943592e-29,0.0,0.0,0.0
798.88443819195061,240.77269151420037,1.1832913578315177e-29,0.0,0.0,0.0
813.53202564696096,171.14803929874597,1.2444280779861461e-28,0.0,0.0,0.0
1007.3211494742238,341.89327332600578,1.8045193206930645e-29,0.0,0.0,0.0
800.84846528866797,267.12621122593106,6.8433683527922774e-29,0.0,0.0,0.0
834.47010773339878,234.47147715948103,1.3607850615062454e-29,0.0,0.0,0.0
1154.8053290513444,369.17895789106882,1.288801503904828e-28,0.0,0.0,0.0
891.87505429018029,248.45038808385084,6.9321152046296412e-29,0.0,0.0,0.0
1422.2722663680208,339.5466234119034,1.2523166870383562e-29,0.0,0.0,0.0
1208.4257824548602,317.18233973920701,7.0898873856738436e-29,0.0,0.0,0.0
600.24375073653221,152.24539493803448,1.5086964812351851e-29,0.0,0.0,0.0
1294.8760397936178,455.23309909614022,6.3897733322901956e-29,0.0,0.0,0.0
865.21842906997733,193.05617377334386,8.5591408216479781e-29,0.0,0.0,0.0
519.07715571426638,108.6805293959067,1.4298103907130839e-29,0.0,0.0,0.0
1191.8855944369839,378.03318755623957,7.6420900193285519e-29,0.0,0.0,0.0
1077.5051347111562,354.01470964112752,6.9222544433143786e-29,0.0,0.0,0.0
1533.8824342565624,552.19268530632405,6.9123936819991159e-29,0.0,0.0,0.0
678.7460490228973,183.35387219607748,1.25133061090683e-28,0.0,0.0,0.0
815.53540793830825,326.72302664208371,7.582925451436976e-29,0.0,0.0,0.0
478.1465442210403,119.12082356917078,1.8104357774822221e-28,0.0,0.0,0.0
933.71468810593592,229.11125203781035,1.5974433330725489e-29,0.0,0.0,0.0
1101.7753555978059,294.85576789727224,1.1635698352009924e-29,0.0,0.0,0.0
307.2281526411673,63.904880155309414,1.0649622220483659e-29,0.0,0.0,0.0
812.1221293016024,284.50956741484697,1.7749370367472766e-29,0.0,0.0,0.0
329.66217297831196,40.849981537039291,1.8114218536137484e-28,0.0,0.0,0.0
552.07557000044972,128.11645965535681,7.7406976324811783e-29,0.0,0.0,0.0
386.92399471588487,89.84550248280884,6.5081024680733474e-29,0.0,0.0,0.0
577.63501696348135,126.90125533885168,1.7650762754320139e-29,0.0,0.0,0.0
513.55181350637338,105.22420706976578,6.8433683527922774e-29,0.0,0.0,0.0
381.79121157249,104.26193197436083,7.0110012951517424e-29,0.0,0.0,0.0
707.30752158639928,241.64883573388539,1.5086964812351851e-29,0.0,0.0,0.0
509.63154792121264,121.12921539973642,1.3785344318737181e-28,0.0,0.0,0.0
408.4932342237891,106.60880862979975,7.8195837230032795e-29,0.0,0.0,0.0
458.3052082024779,91.897477036917337,1.0748229833636286e-29,0.0,0.0,0.0
460.92798024030304,105.73667573389574,1.2957040368255119e-28,0.0,0.0,0.0
686.89361900054428,180.51797530845849,9.8607613152626476e-30,0.0,0.0,0.0
589.03189416712246,157.39653204579079,6.8630898754228027e-29,0.0,0.0,0.0
498.84400329942429,143.7232447723664,6.9123936819991159e-29,0.0,0.0,0.0
670.18680936739452,193.63224549026705,5.5417478591776079e-28,4.7331654313260708e-30,0.0,0.0
446.82540068874789,153.16591240150694,6.9222544433143786e-29,0.0,0.0,0.0
885.78711710958021,280.91773519367143,7.2772418506638339e-29,0.0,0.0,0.0
260.95128247830752,50.349024278058302,1.8114218536137484e-28,0.0,0.0,0.0
158.49453189110096,45.478931750760978,1.2444280779861461e-28,0.0,0.0,0.0
616.49340124818502,164.79483797084154,1.3134534071929847e-28,0.0,0.0,0.0
699.54058690392617,255.48160075202631,6.7447607396396509e-29,0.0,0.0,0.0
479.04974178536708,116.87132451167072,6.9321152046296412e-29,0.0,0.0,0.0
404.10254025524102,112.62839958826201,7.7604191551117036e-29,0.0,0.0,0.0
462.96364462208243,115.9417779247718,1.7670484276950664e-28,0.0,0.0,0.0
389.99273981846727,84.304379522445373,1.6073040943878116e-29,0.0,0.0,0.0
582.10850338360319,166.67621968793256,7.5434824061759254e-29,0.0,0.0,0.0
555.0013256718704,143.76616399855598,7.1096089083043689e-29,0.0,0.0,0.0
213.58809671837514,0.0042804775075123242,7.0997481469891062e-29,0.0,0.0
417.73680909443641,117.86781980993555,1.2434420018546199e-28,0.0,0.0,0.0
820.90695057483038,288.40673345301747,7.3758494638164604e-29,0.0,0.0,0.0
252.65018046391219,41.418803166229196,5.7621358745737281e-28,4.7578173346142275e-29,0.0,0.0
782.49291962142604,225.24565554267986,6.8335075914770148e-29,0.0,0.0,0.0
830.72996910052177,195.73963717435188,7.0208620564670051e-29,0.0,0.0,0.0
308.33868801608082,72.977857732093611,6.5672670359649233e-29,0.0,0.0,0.0
340.01347116802748,92.564173572649054,1.2355533928024097e-28,0.0,0.0,0.0
817.68516925012682,286.04117120209304,6.7644822622701762e-29,0.0,0.0,0.0
585.37677169295341,149.03875709622409,1.270066057405829e-28,0.0,0.0,0.0
641.66209383296189,153.34566584185308,6.9419759659449039e-29,0.0,0.0,0.0
604.41138070967884,162.60636719977092,1.2602052960905664e-28,0.0,0.0,0.0
461.01654756852042,121.69118685143046,2.3616523350054041e-28,0.0,0.0,0.0
449.1247782841009,90.667956434306106,1.2868293516417755e-28,0.0,0.0,0.0
745.36283394477516,188.56476805090472,7.1884949988264701e-29,0.0,0.0,0.0
665.58860041647165,165.95399580222366,1.8557952795324303e-28,0.0,0.0,0.0
543.97007784723155,91.862205948473971,7.1194696696196315e-29,0.0,0.0,0.0
252.06097985704005,13.265815318490024,6.4686594228122968e-29,0.0,0.0,0.0
676.15945990066939,196.55098870387263,1.1537090738857298e-29,0.0,0.0,0.0
836.9546366225984,253.29731133094464,1.0417894329574987e-28,0.0,0.0,0.0
257.439100426972,18.579726869231241,7.1983557601417327e-29,0.0,0.0,0.0
971.24560156227676,331.22994554005368,1.2424559257230936e-28,0.0,0.0,0.0
348.42456669157821,76.696715749751334,6.6954569330633377e-29,0.0,0.0,0.0
706.87402470335871,195.29815833773239,1.8321294523757999e-28,0.0,0.0,0.0
465.17555653934778,66.911631038413219,1.2444280779861461e-28,0.0,0.0,0.0
1452.7621364628503,394.58384180528566,7.050444340412793e-29,0.0,0.0,0.0
785.16245451732561,220.06057742179851,6.8433683527922774e-29,0.0,0.0,0.0
394.12719819485386,91.118480527075803,1.3509243001909827e-29,0.0,0.0,0.0
508.71339969233952,113.85370492363406,1.2424559257230936e-28,0.0,0.0,0.0
254.04165905029311,18.849186678501116,1.8676281931107454e-28,0.0,0.0,0.0
800.22658124178179,209.51404316921781,7.1096089083043689e-29,0.0,0.0,0.0
691.56224319724879,214.96637283960348,6.8532291141075401e-29,0.0,0.0,0.0
253.73770999307482,68.845244114649745,6.6757354104328124e-29,0.0,0.0,0.0
257.47222097558318,63.648570417308086,6.6560138878022871e-29,0.0,0.0,0.0
842.64106589840333,142.62244403184593,1.9622915017372669e-29,0.0,0.0,0.0
270.98200849146559,40.070332901886793,1.3312027775604574e-29,0.0,0.0,0.0
738.3839540050385,199.04648271398051,1.2602052960905664e-28,0.0,0.0,0.0
473.7233542185586,87.99097047977007,1.0748229833636286e-29,0.0,0.0,0.0
373.50895977866531,89.273158916543423,7.3659887025011977e-29,0.0,0.0,0.0
963.95059796358305,387.0640077737749,6.4785201841275595e-29,0.0,0.0,0.0
410.54135955097661,81.103054522719674,2.3271396704019848e-29,0.0,0.0,0.0
453.83666763095715,108.96998633066691,6.3897733322901956e-29,0.0,0.0,0.0
709.96275893768473,199.6284480955139,1.705911707540438e-29,0.0,0.0,0.0
822.04603982807703,212.0409410299452,1.2621774483536189e-29,0.0,0.0,0.0
490.3417879867776,68.843938804777622,7.2871026119790966e-29,0.0,0.0,0.0
348.42290525373704,88.737899611283154,1.802547168430012e-28,0.0,0.0,0.0
373.18535879339873,58.614035004345617,1.4889749586046598e-29,0.0,0.0,0.0
480.82426181146718,142.67822665265285,7.385710225131723e-29,0.0,0.0,0.0
626.38779387221609,184.25957556222002,1.2523166870383562e-28,0.0,0.0,0.0
771.91900406139257,247.17873887562476,1.0846837446788912e-29,0.0,0.0,0.0
401.59588706283876,77.72647314229792,1.3509243001909827e-29,0.0,0.0,0.0
750.36966320463307,218.89360221969551,1.2424559257230936e-29,0.0,0.0,0.0
495.10307332771868,243.29102793208745,6.9715582498906918e-29,0.0,0.0,0.0
554.32005095104239,153.35795810726373,1.2602052960905664e-28,0.0,0.0,0.0
727.0323763429185,227.99304723138249,6.9518367272601665e-29,0.0,0.0,0.0
457.02730221330802,98.692870410649419,1.3366261962838519e-28,0.0,0.0,0.0
958.48935541572496,298.97389243338074,1.1537090738857298e-29,0.0,0.0,0.0
790.59215855569369,194.80600933971144,1.2523166870383562e-28,0.0,0.0,0.0
356.69735348485676,79.637280048505843,7.080026624358581e-29,0.0,0.0,0.0
287.57189165893112,37.608717270293226,2.2063453442900174e-28,0.0,0.0,0.0
468.7089783790675,106.97266219050145,6.9025329206838533e-29,0.0,0.0,0.0
330.77413098106945,127.42952092644168,8.085824278515371e-30,0.0,0.0,0.0
626.44738937867635,160.49425713856746,6.7546215009549136e-29,0.0,0.0,0.0
677.99831286376684,163.10884114873716,6.6757354104328124e-29,0.0,0.0,0.0
737.80349678919697,195.66316002584352,6.7447607396396509e-29,0.0,0.0,0.0
495.79325472924654,84.281358378038263,7.1096089083043689e-29,0.0,0.0,0.0
1329.3720824684178,430.22884086425802,7.7111153485353904e-29,0.0,0.0,0.0
476.42976887736086,164.88486468027264,1.0748229833636286e-29,0.0,0.0,0.0
455.01420534587032,114.17810042412626,1.2434420018546199e-28,0.0,0.0,0.0
440.37324891276666,70.071887302997709,1.2799268187210917e-28,0.0,0.0,0.0
243.20737630561553,38.787638424010858,6.8433683527922774e-29,0.0,0.0,0.0
163.86788924098855,31.43162080153126,7.2772418506638339e-29,0.0,0.0,0.0
922.23880243443932,213.08793618369324,7.1884949988264701e-29,0.0,0.0,0.0
923.95753407823224,362.0075118964906,1.284857199378723e-28,0.0,0.0,0.0
641.72105644270118,234.01163607470608,1.7749370367472766e-29,0.0,0.0,0.0
598.1130772335506,144.3245107032422,7.0307228177822677e-29,0.0,0.0,0.0
517.76283009937583,104.63966837602537,7.5730646901217133e-29,0.0,0.0,0.0
433.73444477853849,115.77326819107138,6.8532291141075401e-29,0.0,0.0,0.0
552.89392165746892,126.35658527322352,1.2424559257230936e-29,0.0,0.0,0.0
501.3499893658373,103.74963379604368,1.2345673166708835e-28,0.0,0.0,0.0
566.29722078840939,166.85596564271077,1.2523166870383562e-29,0.0,0.0,0.0
762.89813503581388,221.78533217506836,1.3312027775604574e-29,0.0,0.0,0.0
675.85858696609102,216.35745535999615,7.0307228177822677e-29,0.0,0.0,0.0
585.29838489361077,86.811829528652268,1.7946585593778019e-29,0.0,0.0,0.0
612.95242249827106,160.01114876308949,7.1983557601417327e-29,0.0,0.0,0.0
559.83487032280834,173.17807336710305,8.8746851837363828e-30,0.0,0.0,0.0
631.08686630275542,167.32794525913963,1.2355533928024097e-28,0.0,0.0,0.0
1005.1513166136972,428.1068520888569,6.4785201841275595e-29,0.0,0.0,0.0
219.3086619885816,29.067552517472507,1.8567813556639565e-28,0.0,0.0,0.0
770.20329165413079,270.20054393381446,1.3312027775604574e-29,0.0,0.0,0.0
422.13942741361257,101.5993569033686,6.4193556162359836e-29,0.0,0.0,0.0
894.18488922474307,275.38259132439686,1.3213420162451948e-29,0.0,0.0,0.0
799.20264074336694,191.54563373138592,1.3312027775604574e-29,0.0,0.0,0.0
533.20963552421404,138.91665284784784,1.3410635388757201e-29,0.0,0.0,0.0
834.79146325886416,261.70795838945617,1.4199496293978212e-29,0.0,0.0,0.0
354.04103277860605,72.512469345431953,1.8557952795324303e-28,0.0,0.0,0.0
570.29657870049994,160.95951392479282,7.0110012951517424e-29,0.0,0.0,0.0
379.032675406252,62.686502170258386,1.2759825141949866e-28,0.0,0.0,0.0
726.53789851410249,228.49371751377259,1.7571876663798038e-28,0.0,0.0,0.0
494.828666020095,140.44989758762665,1.1931521191467804e-29,0.0,0.0,0.0
657.60490323789213,256.51422358801182,7.1096089083043689e-29,0.0,0.0,0.0
720.60564495918209,225.21388198539461,7.1096089083043689e-29,0.0,0.0,0.0
847.81640846745393,303.00813103155542,1.4988357199199224e-29,0.0,0.0,0.0
706.74457534669136,216.50771568601766,6.5968493199107112e-29,0.0,0.0,0.0
618.6696387187917,230.78327113593213,7.0307228177822677e-29,0.0,0.0,0.0
307.58822316862376,21.814040313867196,1.270066057405829e-28,0.0,0.0,0.0
468.20082679671236,124.27802653433919,1.2325951644078309e-29,0.0,0.0,0.0
484.8863978710495,106.55459203462263,7.2279380440875207e-29,0.0,0.0,0.0
359.61050503524001,82.009142729128655,6.7447607396396509e-29,0.0,0.0,0.0
682.94485736359343,195.51631712575843,6.9123936819991159e-29,0.0,0.0,0.0
501.15513290071567,119.03687418732734,1.2434420018546199e-28,0.0,0.0,0.0
346.84978630706735,116.06231444301548,7.0110012951517424e-29,0.0,0.0,0.0
357.14649066009531,77.144166114943147,7.6420900193285519e-29,0.0,0.0,0.0
912.74189233429593,305.84857415263446,1.2779546664580391e-28,0.0,0.0,0.0
461.98286433857487,89.612662275099439,1.3302167014289312e-28,0.0,0.0,0.0
826.4759775873697,232.78839818281307,1.8193104626659585e-28,0.0,0.0,0.0
707.06770865753083,286.0720703707284,1.1004609627833115e-28,0.0,0.0,0.0
519.82601676909076,105.21560327677366,1.8281851478496949e-28,0.0,0.0,0.0
510.03176118548947,182.38393497333524,6.6658746491175498e-29,0.0,0.0,0.0
812.8672455596253,293.51328985622467,6.8532291141075401e-29,0.0,0.0,0.0
541.62826335793466,199.5484990524244,1.5185572425504477e-29,0.0,0.0,0.0
549.36165741358832,91.955203248212769,5.411585809816141e-28,1.5974433330725489e-29,0.0,0.0
604.72790467505479,144.21579111178588,1.2789407425895654e-28,0.0,0.0,0.0
547.36411988430473,117.49300283254554,6.9222544433143786e-29,0.0,0.0,0.0
684.51104634418527,257.14680925221103,1.2523166870383562e-29,0.0,0.0,0.0
772.84612261447387,301.10220317675675,7.2082165214569954e-29,0.0,0.0,0.0
225.75972794078081,42.841561388606422,7.3659887025011977e-29,0.0,0.0,0.0
1062.5757071497005,309.49966735339149,1.3410635388757201e-29,0.0,0.0,0.0
626.82953214628424,203.86800751936974,1.322328092376721e-28,0.0,0.0,0.0
884.87517831163564,271.55905186534284,1.6960509462251754e-29,0.0,0.0,0.0
336.27624551789791,44.246005572466196,1.288801503904828e-28,0.0,0.0,0.0
268.29034718671829,52.418290943459368,1.2602052960905664e-28,0.0,0.0,0.0
448.9513897291248,159.67531603394247,1.1990685759359379e-28,0.0,0.0,0.0
398.74475361407048,110.31450313234302,7.1096089083043689e-29,0.0,0.0,0.0
1527.3148010111531,495.16814392459645,1.2602052960905664e-28,0.0,0.0,0.0
771.46195613506472,180.65878353650047,1.5777218104420236e-29,0.0,0.0,0.0
365.92288973032333,74.948058835831134,1.2335812405393572e-28,0.0,0.0,0.0
786.9821702615759,253.95719423203971,1.4495319133436092e-29,0.0,0.0,0.0
570.78186110302295,143.93026740917895,7.0997481469891062e-29,0.0,0.0,0.0
524.32537892939035,173.81029030343024,1.538278765180973e-29,0.0,0.0,0.0
391.57436545625131,101.63282712873271,1.3410635388757201e-29,0.0,0.0,0.0
555.43783803170595,112.94257628132337,7.4645963156538242e-29,0.0,0.0,0.0
407.79586339728797,91.80063724002089,1.2710521335373553e-28,0.0,0.0,0.0
627.93830724161944,129.11946271463387,7.2772418506638339e-29,0.0,0.0,0.0
465.96762286533914,55.264600471952292,1.2789407425895654e-28,0.0,0.0,0.0
517.97696529001473,117.68546662642066,6.5672670359649233e-29,0.0,0.0,0.0
542.15148033060507,139.38916759160887,1.1635698352009924e-29,0.0,0.0,0.0
458.00062292791199,75.421125155726969,2.2285320572493584e-29,0.0,0.0,0.0
402.49678594784899,101.29362563571279,6.3897733322901956e-29,0.0,0.0,0.0
315.0869482291692,87.882012644846498,1.8439623659541151e-28,0.0,0.0,0.0
438.37607069264521,150.19624094754204,6.4094948549207209e-29,0.0,0.0,0.0
474.54248277493895,127.05594615846412,6.7447607396396509e-29,0.0,0.0,0.0
856.94384645306741,304.44169685538839,1.1635698352009924e-29,0.0,0.0,0.0
587.07577730389391,89.570621846111834,1.2079432611196743e-28,0.0,0.0,0.0
726.11654667620587,182.9514022215948,1.25133061090683e-28,0.0,0.0,0.0
214.42687904942107,66.005346149959323,1.2424559257230936e-28,0.0,0.0,0.0
786.33387748507914,263.4641778502131,1.1537090738857298e-29,0.0,0.0,0.0
618.01912728779746,173.67652664195376,1.2247065553556208e-28,0.0,0.0,0.0
792.62656341148488,284.78632799858542,1.4495319133436092e-29,0.0,0.0,0.0
575.78088359721323,127.17183940608778,1.8281851478496949e-28,0.0,0.0,0.0
652.51036047331729,211.65419709347671,6.8335075914770148e-29,0.0,0.0,0.0
484.17189722250765,128.19108918535198,7.2772418506638339e-29,0.0,0.0,0.0
665.95762167206999,264.91291255476273,1.2424559257230936e-29,0.0,0.0,0.0
733.84147212862854,230.27408799507973,7.2969633732943592e-29,0.0,0.0,0.0
357.82770651995679,106.88269767988587,1.2335812405393572e-28,0.0,0.0,0.0
922.68883145384189,287.16838397770158,7.6322292580132892e-29,0.0,0.0,0.0
549.23624856359584,118.1639117052205,7.1884949988264701e-29,0.0,0.0,0.0
531.48779212168779,228.6625321237068,1.0260122148530785e-28,0.0,0.0,0.0
324.20948231898382,77.362012220874732,1.7936724832462756e-28,0.0,0.0,0.0
426.44709386019372,100.22460084989655,1.2424559257230936e-28,0.0,0.0,0.0
401.77874302049793,117.77010384383769,1.5086964812351851e-29,0.0,0.0,0.0
214.63111868485211,19.665476670112529,1.1990685759359379e-28,0.0,0.0,0.0
357.55951767175196,90.986809877805115,6.4883809454428221e-29,0.0,0.0,0.0
326.35049678828773,81.031433868147644,6.9419759659449039e-29,0.0,0.0,0.0
161.27245941974101,23.217248664508094,1.8104357774822221e-28,0.0,0.0,0.0
400.57231310533626,121.55285800362597,6.9025329206838533e-29,0.0,0.0,0.0
415.9785917227947,74.504165399521227,7.7998622003727542e-29,0.0,0.0,0.0
384.71303534808271,125.82446336337513,1.2069571849881481e-28,0.0,0.0,0.0
418.86428770629158,92.896133437796564,8.9732927968890093e-30,0.0,0.0,0.0
339.24142373733713,72.763473519759032,7.5730646901217133e-29,0.0,0.0,0.0
271.29049344981269,31.263315518139489,1.2434420018546199e-28,0.0,0.0,0.0
214.15266519722729,62.764444923047677,6.3897733322901956e-29,0.0,0.0,0.0
54.84616969950892,1.6137628930493086e-27,1.2878154277733018e-28,0.0,0.0
333.52640776799393,61.841551844137427,1.0748229833636286e-29,0.0,0.0,0.0
354.32261827919342,86.406590999097858,6.9419759659449039e-29,0.0,0.0,0.0
308.21575934087087,72.312779616597027,1.2878154277733018e-28,0.0,0.0,0.0
587.16441042885629,256.17470426618348,6.3897733322901956e-29,0.0,0.0,0.0
171.51126965708443,13.034178775523205,2.2876966251409342e-29,8.8746851837363828e-31,0.0,0.0
220.66577748008575,37.117573104550473,6.9222544433143786e-29,0.0,0.0,0.0
244.94064640590983,3.8339718488765113,6.8433683527922774e-29,0.0,0.0,0.0
189.76780103881055,46.880058482684419,7.1983557601417327e-29,0.0,0.0,0.0
360.98240592873321,123.8413077359163,6.4785201841275595e-29,0.0,0.0,0.0
302.38885122785069,44.665953008166937,6.9222544433143786e-29,0.0,0.0,0.0
338.46166052762027,110.64611703398666,6.9222544433143786e-29,0.0,0.0,0.0
217.01325749690278,18.903498854330369,1.2187900985664632e-28,0.0,0.0,0.0
613.21648029031769,133.23950109370685,8.085824278515371e-29,0.0,0.0,0.0
352.18965110064306,34.51765830351286,1.2611913722220926e-28,0.0,0.0,0.0
124.65340978511495,34.5210081419376,6.6658746491175498e-29,0.0,0.0,0.0
571.6514198251441,92.719958817682624,1.3213420162451948e-28,0.0,0.0,0.0
204.42252417626366,5.8683927634833735,7.1687734761959448e-29,0.0,0.0,0.0
378.76245591521348,69.993443399543295,1.1635698352009924e-29,0.0,0.0,0.0
279.91522566639577,68.922131955863733,7.1687734761959448e-29,0.0,0.0,0.0
244.35272883967471,76.69527958605417,6.7447607396396509e-29,0.0,0.0,0.0
264.17269079244363,55.073063347046286,9.7621537021100211e-30,0.0,0.0,0.0
746.50534120893394,232.60927325119482,4.5901843922547624e-29,0.0,0.0,0.0
387.12846848119761,84.564171081213658,1.3312027775604574e-29,0.0,0.0,0.0
241.27970429718715,31.36416731463332,1.3312027775604574e-29,0.0,0.0,0.0
627.00127536306161,166.43873643861482,1.2769685903265129e-28,0.0,0.0,0.0
245.48629991233082,17.864860932047403,7.3758494638164604e-29,0.0,0.0,0.0
313.75501613740141,38.439574888443957,6.3996340936054583e-29,0.0,0.0,0.0
321.91063692746752,125.0846025066551,6.4785201841275595e-29,0.0,0.0,0.0
112.48592236443767,8.5065432885716064,9.7621537021100211e-30,0.0,0.0,0.0
260.76431143627354,52.306809785159075,1.6861901849099127e-29,0.0,0.0,0.0
252.45144127520311,12.233514173940483,1.0013603115649219e-28,0.0,0.0,0.0
103.69631850689697,2.0047837723784201,1.3400774627441938e-28,0.0,0.0,0.0
166.4217676984631,39.705578689961442,1.8193104626659585e-28,0.0,0.0,0.0
103.32963752483025,7.2802075709495462,9.959368928415274e-30,0.0,0.0,0.0
155.58628073119874,11.080032277446588,8.1513983412618676e-28,5.679798517591285e-29,0.0,0.0
165.27136294782443,26.609944605513196,1.8459345182171676e-28,0.0,0.0,0.0
159.26500240197757,33.13996443716151,7.720976109850653e-29,0.0,0.0,0.0
334.94118659917837,87.566822398406927,1.2424559257230936e-29,0.0,0.0,0.0
124.56249385546194,8.7560087679456586,1.2325951644078309e-28,0.0,0.0,0.0
358.75036707280339,95.191590675210662,6.2911657191375691e-29,0.0,0.0,0.0
428.8941904225162,122.1262723810374,1.4199496293978212e-29,0.0,0.0,0.0
120.63243397954467,8.1390441178521762,1.4199496293978212e-29,0.0,0.0,0.0
581.82770652561305,155.48604683738844,1.5086964812351851e-29,0.0,0.0,0.0
281.1815318371755,84.712853318598675,1.0551014607331033e-29,0.0,0.0,0.0
206.55800427817738,25.656361598466937,3.8629532452541422e-28,2.5292852773648691e-28,3.6928551125658615e-29,0.0
366.13469832375193,98.247832151479329,1.2335812405393572e-28,0.0,0.0,0.0
340.69295187858171,48.492509752363944,6.6757354104328124e-29,0.0,0.0,0.0
225.54044759876734,53.970509322546022,6.8433683527922774e-29,0.0,0.0,0.0
221.70784912855692,54.093614184134829,7.1194696696196315e-29,0.0,0.0,0.0
165.49719280362126,16.863096210390008,6.115644167725894e-28,2.1693674893577825e-30,0.0,0.0
172.28456610916311,50.295338964244252,6.5672670359649233e-29,0.0,0.0,0.0
267.27795934038261,33.707203967288038,6.7546215009549136e-29,0.0,0.0,0.0
210.629648667852,28.223469021848231,1.1635698352009924e-29,0.0,0.0,0.0
570.61256005066741,131.9101100617944,6.3897733322901956e-29,0.0,0.0,0.0
261.49193711830969,41.550886561338437,6.9419759659449039e-29,0.0,0.0,0.0
244.05263872875818,11.815997883016552,3.177137295777625e-28,5.4234187233944562e-30,0.0,0.0
304.12695025611231,56.415673681407384,1.8932661725304283e-28,0.0,0.0,0.0
90.011116728302952,16.725819999792346,1.3312027775604574e-29,0.0,0.0,0.0
309.21537717722367,55.185002386622578,7.1391911922501568e-29,0.0,0.0,0.0
275.41583379755286,29.484844421916023,1.2680939051427765e-28,0.0,0.0,0.0
264.29233349127082,39.280803429326284,7.0110012951517424e-29,0.0,0.0,0.0
304.11720231591829,45.070751215513951,1.2424559257230936e-29,0.0,0.0,0.0
258.55264705424815,75.020221706142891,1.2247065553556208e-28,0.0,0.0,0.0
498.73511801591491,91.802002791118539,7.0405835790975304e-29,0.0,0.0,0.0
484.28184154783872,125.34684528395739,1.2424559257230936e-28,0.0,0.0,0.0
315.69393854787114,90.495703955383362,6.6560138878022871e-29,0.0,0.0,0.0
108.4505131408139,6.3707104772823824,6.9321152046296412e-29,0.0,0.0,0.0
218.26660691469755,47.802397883905037,7.1096089083043689e-29,0.0,0.0,0.0
508.02706512293389,120.22039171115728,8.7662168092684937e-29,0.0,0.0,0.0
366.9390108374015,77.257814919842048,1.2523166870383562e-29,0.0,0.0,0.0
256.00541667675429,53.642589719241897,1.2079432611196743e-28,0.0,0.0,0.0
152.55500046033933,6.3011827170039938,7.9083305748406433e-29,0.0,0.0,0.0
175.73779815020595,7.6741715464297204,6.5968493199107112e-29,0.0,0.0,0.0
402.85725499049693,100.28952356018917,1.2158318701718844e-28,0.0,0.0,0.0
526.68605171301658,172.50969998357675,1.4298103907130839e-29,0.0,0.0,0.0
442.14808282281354,74.792103492601541,9.3923751527876718e-29,0.0,0.0,0.0
190.25329478786529,12.66646495165617,1.2256926314871471e-28,0.0,0.0,0.0
114.80853724714996,15.875705587181866,1.1980824998044117e-28,0.0,0.0,0.0
356.84952198584887,108.85592578550289,6.6560138878022871e-29,0.0,0.0,0.0
410.4483163867169,110.94415608824696,1.2355533928024097e-28,0.0,0.0,0.0
116.44326336851567,31.247380780793513,5.0201135856002139e-28,9.3677232494995152e-30,0.0,0.0
344.53246217633983,45.385750063869835,7.3068241346096218e-29,0.0,0.0,0.0
237.80488428864228,59.196340303421394,1.2523166870383562e-29,0.0,0.0,0.0
342.57975178054858,116.45231245414723,1.2266787076186734e-28,0.0,0.0,0.0
199.25610766314594,20.826773862750674,1.8104357774822221e-28,0.0,0.0,0.0
196.15693094909003,33.29343126360898,8.8746851837363828e-30,0.0,0.0,0.0
328.07729268282691,65.326882148430172,6.1235327767781041e-29,0.0,0.0,0.0
286.27490102030595,38.544864306938656,7.0208620564670051e-29,0.0,0.0,0.0
129.97300825988859,0.82798332693999255,1.2316090882763047e-28,0.0,0.0
405.64422526405588,90.315797866793645,1.217804022434937e-28,0.0,0.0,0.0
411.67290384061624,60.364758488968938,1.1537090738857298e-29,0.0,0.0,0.0
457.76906884604387,100.85121309360184,6.6560138878022871e-29,0.0,0.0,0.0
328.10451259962184,56.315801405639561,6.8335075914770148e-29,0.0,0.0,0.0
254.06331776291194,71.410515239770831,6.6560138878022871e-29,0.0,0.0,0.0
232.06905115469749,31.674190925978856,7.6322292580132892e-29,0.0,0.0,0.0
292.11052318334862,62.858321042958252,1.6171648557030742e-29,0.0,0.0,0.0
483.21972577491954,129.54921432944423,1.1734305965162551e-29,0.0,0.0,0.0
327.86978379321698,137.54774280786427,7.0110012951517424e-29,0.0,0.0,0.0
696.00308268836579,157.74712161749113,6.7447607396396509e-29,0.0,0.0,0.0
133.36764583067225,4.0916677228813665,6.9878285060608752e-28,6.8433683527922774e-29,0.0,0.0
532.85488983494201,97.093930186377122,6.4587986614970342e-29,0.0,0.0,0.0
188.49235114983369,0.58523370977452782,1.2582331438275138e-28,0.0,0.0
453.20310802762663,160.79684924572894,6.4094948549207209e-29,0.0,0.0,0.0
210.58845343515819,42.680924178754353,1.2158318701718844e-28,0.0,0.0,0.0
298.801216496336,105.61056720451539,6.4785201841275595e-29,0.0,0.0,0.0
343.09049723721142,59.319279250831983,1.4396711520283465e-29,0.0,0.0,0.0
110.85243270441038,1.844258188793573e-27,1.3243002446397736e-28,0.0,0.0
464.52947713982348,127.65564916572647,6.8532291141075401e-29,0.0,0.0,0.0
258.25941343753868,37.563241390881799,1.2168179463034107e-28,0.0,0.0,0.0
378.78316799460219,53.114620478056736,1.2976761890885644e-28,0.0,0.0,0.0
223.75359360440916,47.483213052313211,1.1990685759359379e-28,0.0,0.0,0.0
194.30409152812018,19.953820320607957,6.8433683527922774e-29,0.0,0.0,0.0
296.39764625223359,79.092362834691485,6.8335075914770148e-29,0.0,0.0,0.0
244.94509953845559,81.035396411690883,6.7447607396396509e-29,0.0,0.0,0.0
218.40426180744936,15.739224711326944,7.0110012951517424e-29,0.0,0.0,0.0
299.13850983642226,65.00121414127932,7.0110012951517424e-29,0.0,0.0,0.0
235.95838610124122,52.564028924672733,7.0997481469891062e-30,0.0,0.0,0.0
630.26645594176262,178.8437122637923,1.2335812405393572e-28,0.0,0.0,0.0
282.31862784113139,48.988064968142616,1.3016204936146695e-28,0.0,0.0,0.0
387.82521400173164,115.38379228087794,1.5974433330725489e-29,0.0,0.0,0.0
398.97420803795632,126.61809568518177,6.8335075914770148e-29,0.0,0.0,0.0
262.59093787787486,48.434077258942636,7.0997481469891062e-29,0.0,0.0,0.0
250.52558963702205,38.202306718239747,6.9222544433143786e-29,0.0,0.0,0.0
47.502930331721615,1.50475217670908e-27,1.2680939051427765e-28,0.0,0.0
298.52515721834749,48.163894757900636,4.8396616535309074e-28,9.8607613152626476e-30,0.0,0.0
415.87158600290962,101.35683344675968,1.2266787076186734e-28,0.0,0.0,0.0
843.08368126685139,224.64702470271888,1.3312027775604574e-29,0.0,0.0,0.0
314.42643424632593,35.928298757200075,1.2316090882763047e-28,0.0,0.0,0.0
387.35504972404004,86.479594341030136,7.0110012951517424e-29,0.0,0.0,0.0
229.46364036322433,28.775015255563925,1.2434420018546199e-28,0.0,0.0,0.0
286.1596080853231,76.789969630672559,1.7926864071147493e-28,0.0,0.0,0.0
167.49178755766883,26.125828852139328,7.2772418506638339e-29,0.0,0.0,0.0
205.42406667260497,37.629873241185471,7.3955709864469857e-29,0.0,0.0,0.0
276.47298858187213,39.098851662432139,7.0208620564670051e-29,0.0,0.0,0.0
226.92199397962568,39.799813610033198,6.212279628615468e-29,0.0,0.0,0.0
213.79168931643028,24.266576952045408,1.2335812405393572e-28,0.0,0.0,0.0
499.47012909087306,131.42023082034959,1.9622915017372669e-29,0.0,0.0,0.0
170.73570393227178,24.068337410740998,8.8746851837363828e-30,0.0,0.0,0.0
323.32690277817329,57.87204545723116,6.6658746491175498e-29,0.0,0.0,0.0
212.66539292839644,5.4305973648046573,1.7857838741940655e-28,0.0,0.0,0.0
166.9630166366299,39.990926733237373,6.6757354104328124e-29,0.0,0.0,0.0
240.58239586754746,27.309993408587964,2.0510383535746307e-29,0.0,0.0,0.0
336.59043503935698,64.627144370000622,1.3321888536919837e-28,0.0,0.0,0.0
87.987768385715597,1.0236456321374154e-27,7.0997481469891062e-29,0.0,0.0
348.45290512790382,65.930227029490041,1.7788813412733816e-28,0.0,0.0,0.0
161.72360241765801,17.231861426447459,1.2247065553556208e-28,0.0,0.0,0.0
316.01810160028776,62.4460709203505,6.8433683527922774e-29,0.0,0.0,0.0
161.79582804805344,38.629913314455116,1.2523166870383562e-29,0.0,0.0,0.0
533.04480082734926,150.85852303588044,7.5336216448606627e-29,0.0,0.0,0.0
351.59024323565501,46.890533275060008,1.1783609771738864e-28,0.0,0.0,0.0
304.91256793208845,81.235740520525411,1.2818989709841442e-29,0.0,0.0,0.0
322.61936877937239,73.328997226174977,6.5672670359649233e-29,0.0,0.0,0.0
288.78220209815879,51.33059738366385,1.3213420162451948e-28,0.0,0.0,0.0
216.48026698951625,34.900859531903677,1.5580002878114983e-29,0.0,0.0,0.0
166.27897690294282,9.4965637716664997,1.1892078146206753e-28,0.0,0.0,0.0
34.106079824294724,8.3909954666737718,6.2221403899307306e-29,0.0,0.0,0.0
267.32552590278294,49.094749581631014,1.3908603835177964e-28,0.0,0.0,0.0
387.72840271124988,71.120492114549876,5.0388490320992129e-29,0.0,0.0,0.0
797.51012336141787,241.12751227690131,6.8335075914770148e-29,0.0,0.0,0.0
425.18826861146317,78.615767227675676,7.0110012951517424e-29,0.0,0.0,0.0
348.2604225312532,73.78303066404473,6.882811398053328e-29,0.0,0.0,0.0
379.61948554795117,81.378553871488663,9.1705080231942622e-30,0.0,0.0,0.0
175.86662776204011,77.618154060148399,1.1438483125704671e-29,0.0,0.0,0.0
86.373472917656599,5.3366948061017982,1.571805353652866e-28,8.8746851837363828e-31,0.0,0.0
580.06457976504316,207.83103910151561,1.2079432611196743e-28,0.0,0.0,0.0
158.59795426780553,37.378319319905529,7.0997481469891062e-30,0.0,0.0,0.0
264.99882972044259,8.255452320932168,1.2897875800363543e-28,0.0,0.0,0.0
377.57674525731551,71.620885176635824,1.25133061090683e-28,0.0,0.0,0.0
195.52741939586718,3.898568407941049,1.2838711232471967e-28,0.0,0.0,0.0
357.45751543171195,114.814292984861,1.3312027775604574e-29,0.0,0.0,0.0
317.69981337006999,71.085133489943118,1.2079432611196743e-28,0.0,0.0,0.0
463.0306328159358,137.31908951924009,6.5869885585954486e-29,0.0,0.0,0.0
260.48418432649953,38.734940901734063,7.3659887025011977e-29,0.0,0.0,0.0
265.39345451064071,11.126799860086427,6.8433683527922774e-29,0.0,0.0,0.0
402.47031661710304,127.57568824709833,8.9732927968890093e-30,0.0,0.0,0.0
323.54521420814643,60.039706591604244,1.2602052960905664e-28,0.0,0.0,0.0
222.47033029258273,40.350172723752934,6.9321152046296412e-29,0.0,0.0,0.0
232.69244003636047,6.7319134212809892,1.2256926314871471e-28,0.0,0.0,0.0
178.60969886406147,16.789323069404446,6.9222544433143786e-29,0.0,0.0,0.0
127.75864508465257,17.951305821273827,6.6658746491175498e-29,0.0,0.0,0.0
326.79427030247962,65.544058041602995,7.5434824061759254e-29,0.0,0.0,0.0
241.46374670583637,44.034475728521123,1.5284180038657104e-29,0.0,0.0,0.0
130.41207121345158,19.277369985364945,1.1635698352009924e-29,0.0,0.0,0.0
273.30237691756105,58.829492538303128,6.6560138878022871e-29,0.0,0.0,0.0
514.99694818187641,125.69884185294757,1.6960509462251754e-29,8.8746851837363828e-31,0.0,0.0
62.744669616941657,1.5719097967553501,2.6722663164361775e-29,0.0,0.0,0.0
56.441335049530643,1.3817391793011785e-27,1.1428622364389409e-28,0.0,0.0
113.60799024289791,8.763155662860898,6.5869885585954486e-29,0.0,0.0,0.0
41.395273750989183,1.4306070092486665,6.8433683527922774e-29,0.0,0.0,0.0
64.530158543010216,6.424779034959378e-28,6.6560138878022871e-29,0.0,0.0
77.100327350113403,1.8195076778922637e-27,6.0347859249407403e-29,0.0,0.0
110.85771959954681,30.60461413453023,4.4373425918681914e-30,0.0,0.0,0.0
53.756721539915624,1.5969502950067858e-28,7.0997481469891062e-30,0.0,0.0
63.553307958083614,1.3604892386667875e-27,1.1803331294369389e-28,0.0,0.0
191.2004784370738,28.699389343026855,8.085824278515371e-30,0.0,0.0,0.0
41.752597835904496,8.6730326148392617e-28,6.9222544433143786e-29,0.0,0.0
133.2154611713612,9.5493911920879739,5.8740555155019592e-28,1.5185572425504477e-29,0.0,0.0
160.26764687857326,45.056959070970095,5.9460390731033765e-29,0.0,0.0,0.0
129.3674225293347,8.8544428468249432,6.9222544433143786e-29,0.0,0.0,0.0
146.35393012416131,13.448858486170524,1.1537090738857298e-29,0.0,0.0,0.0
98.9602430141083,23.745280576974274,1.2069571849881481e-28,0.0,0.0,0.0
174.92589915728846,39.398416495497308,1.0649622220483659e-29,0.0,0.0,0.0
64.689969769706678,18.539352079250612,5.8572922212660127e-29,0.0,0.0,0.0
190.0926834190341,46.600058997508114,1.1911799668837278e-28,0.0,0.0,0.0
187.69722793610399,25.839191147399085,6.8532291141075401e-29,0.0,0.0,0.0
131.80769147343707,7.6598079076544954,4.4861533603787415e-28,6.4094948549207209e-30,0.0,0.0
65.026110533667833,4.3100998967478814,1.7305636108285946e-28,0.0,0.0,0.0
143.99535631803818,4.7173445312079938,1.7414104482753836e-28,0.0,0.0,0.0
61.134613165074569,7.0657285204514501e-28,3.5498740734945531e-30,0.0,0.0
134.43992245634587,10.282149332381003,6.6560138878022871e-29,0.0,0.0,0.0
75.396433540177426,8.8017155500034392e-28,7.0997481469891062e-30,0.0,0.0
85.381054658479002,1.4171635940664005,1.3903673454520333e-28,0.0,0.0,0.0
74.579246283164977,8.0345483196760052e-28,7.0997481469891062e-30,0.0,0.0
224.77539047894123,59.731536072310071,7.1983557601417327e-29,0.0,0.0,0.0
186.29206217682986,38.972892823077323,6.4785201841275595e-29,0.0,0.0,0.0
110.36974308868498,8.6321104553809217e-28,8.8746851837363828e-30,0.0,0.0
99.788641445304961,17.845217838061892,5.9558998344186391e-29,0.0,0.0,0.0
82.595357019444307,2.1698112236169693e-27,6.1235327767781041e-29,0.0,0.0
111.02456162441288,15.371385435712991,1.25133061090683e-28,0.0,0.0,0.0
111.57409765555454,14.253554220440696,1.7325357630916472e-28,0.0,0.0,0.0
112.72164787497351,28.018836283707302,1.1892078146206753e-28,0.0,0.0,0.0
75.000465048632933,8.8574288514346732e-28,6.3010264804528318e-29,0.0,0.0
141.51950401875365,7.1093645314570963,1.8114218536137484e-28,0.0,0.0,0.0
109.96372224682351,10.267042194361789,1.2069571849881481e-28,0.0,0.0,0.0
60.010516229184887,7.2540690615729667e-28,6.5672670359649233e-29,0.0,0.0
199.11117967062452,36.314856154331046,1.7838117219310129e-28,0.0,0.0,0.0
80.048532400754965,3.9526786289419835,1.1813192055684652e-28,0.0,0.0,0.0
197.11436873069496,21.361113800527249,6.6560138878022871e-29,0.0,0.0,0.0
92.442497903519495,17.014080308115403,5.3248111102418297e-30,0.0,0.0,0.0
104.04176190639838,23.338155549579128,5.0141971288110563e-29,0.0,0.0,0.0
70.229942245255529,1.3201094210807869e-27,6.2320011512459933e-29,0.0,0.0
195.51415137591422,25.093583362954774,7.080026624358581e-29,0.0,0.0,0.0
116.75317982637428,1.0923751385047961e-27,1.2158318701718844e-28,0.0,0.0
251.83664961446954,47.571532203955677,7.9872166653627445e-30,0.0,0.0,0.0
161.40502487029386,24.505021579840204,6.5968493199107112e-29,0.0,0.0,0.0
57.666087183275955,2.3439029646379313e-27,1.7483129811960674e-28,0.0,0.0
158.75848270991031,26.632010864118243,7.2082165214569954e-29,0.0,0.0,0.0
101.9054545772412,21.198711144182237,1.7492990573275937e-28,0.0,0.0,0.0
53.966150983185749,1.2677585249267946,5.5363244404542135e-28,0.0,0.0,0.0
158.24920356206144,29.529300215768622,6.7447607396396509e-29,0.0,0.0,0.0
83.610675331034443,2.5635021191288305e-27,1.2069571849881481e-28,0.0,0.0
105.94037477122174,4.052279862507185e-28,6.2418619125612559e-29,0.0,0.0
73.655113457913913,2.7870830729432701,1.0748229833636286e-29,0.0,0.0,0.0
113.34550888918098,0.64823067925542044,1.2937318845624594e-28,0.0,0.0
221.05944068068999,41.144286530395007,6.6560138878022871e-29,0.0,0.0,0.0
195.06165761907917,53.566850201312334,1.6171648557030742e-29,0.0,0.0,0.0
28.406651447415097,2.5061124882740019e-27,1.1901938907522016e-28,0.0,0.0
104.81126460208687,23.864367982539818,6.4785201841275595e-29,0.0,0.0,0.0
91.956805510837683,5.7538789300785194,5.8671529825812753e-29,0.0,0.0,0.0
183.41473223209812,22.307821103185638,1.0945445059941539e-29,0.0,0.0,0.0
200.25844774531976,25.780485029686012,1.7187306972502795e-28,0.0,0.0,0.0
136.06456784170979,17.082006395301875,1.2089293372512006e-28,0.0,0.0,0.0
164.91711731376171,16.375136795595402,6.1432542994086294e-29,0.0,0.0,0.0
113.42030262407317,0.23763744463332853,6.3010264804528318e-29,0.0,0.0
90.241691660000498,6.5499514470604057,1.1803331294369389e-28,0.0,0.0,0.0
207.5720699438007,48.520335801065457,7.3068241346096218e-29,0.0,0.0,0.0
143.21636713773233,26.514466449594963,1.2158318701718844e-28,0.0,0.0,0.0
52.48922390927612,1.079605452601531e-27,1.3026065697461957e-28,0.0,0.0
46.623837969039293,9.1914818060779293,6.4785201841275595e-29,0.0,0.0,0.0
180.4359686859718,1.425570263347521e-27,1.1980824998044117e-28,0.0,0.0
73.866477500584082,17.151358891934343,1.1635698352009924e-29,0.0,0.0,0.0
110.37176125692736,5.7691078775972402,6.3996340936054583e-29,0.0,0.0,0.0
145.02854590562205,9.0088033787001045,7.1096089083043689e-29,0.0,0.0,0.0
149.02047402055695,20.929721576216206,6.9912797725212171e-29,0.0,0.0,0.0
260.67357791447256,62.322008590948045,1.2069571849881481e-28,0.0,0.0,0.0
201.38487293579561,19.02852377177712,2.0313168309441054e-29,0.0,0.0,0.0
145.68551713191241,5.0636009497128303,6.3108872417680944e-29,0.0,0.0,0.0
70.808304404417541,21.910580272078061,1.8202965387974847e-28,0.0,0.0,0.0
34.977852690289829,1.4820231218773996e-27,1.2079432611196743e-28,0.0,0.0
96.012813666304382,8.0539802234704467,6.212279628615468e-29,0.0,0.0,0.0
177.59531291774832,27.944706761202937,1.1980824998044117e-28,0.0,0.0,0.0
107.07747797015216,5.5766958746772985,6.8433683527922774e-29,0.0,0.0,0.0
135.58237896468003,5.1427319905896702,1.7670484276950664e-28,0.0,0.0,0.0
197.70847585102885,7.310033448414428,1.2602052960905664e-28,0.0,0.0,0.0
32.087682509311875,8.8367212526726216e-28,6.6560138878022871e-29,0.0,0.0
74.01214072581682,1.9797450492652818e-27,1.2256926314871471e-28,0.0,0.0
8.8033545431027989,8.8993370870245394e-28,7.4744570769690869e-29,0.0,0.0
100.83357731795645,2.7258887934059381,1.2335812405393572e-28,0.0,0.0,0.0
145.62122449924095,11.754927388767792,1.7571876663798038e-28,0.0,0.0,0.0
5.4660986888978451,2.0643503813502353e-28,8.8746851837363828e-31,0.0,0.0
87.210697842870388,18.540846048272741,1.7946585593778019e-29,0.0,0.0,0.0
89.766404217739506,2.2281869306033242e-27,1.1980824998044117e-28,0.0,0.0
303.04386744167732,51.119525388776303,1.7256332301709633e-29,0.0,0.0,0.0
55.232264969582822,5.6092055622779027,4.0478425199153168e-29,0.0,0.0,0.0
83.082482520070783,1.3529950600671879e-27,6.3010264804528318e-29,0.0,0.0
38.172596720399831,5.2705769230078851e-28,1.4298103907130839e-29,0.0,0.0
72.520296830140381,1.8469205943486939e-28,1.0649622220483659e-29,0.0,0.0
321.53989879334489,67.028596034554909,6.9222544433143786e-29,0.0,0.0,0.0
267.26110858524265,61.400555319073874,1.2256926314871471e-28,0.0,0.0,0.0
275.89134865749514,75.536384385986281,1.400228106767296e-29,0.0,0.0,0.0
242.58219198671463,30.536032950689467,1.2345673166708835e-28,0.0,0.0,0.0
105.49263820858688,2.1823513625450497,6.212279628615468e-29,0.0,0.0,0.0
119.35372906367343,2.3197440994155378e-27,1.7670484276950664e-28,0.0,0.0
124.43915162534356,13.006069005828344,1.8656560408476929e-28,0.0,0.0,0.0
153.07795792895945,25.305763119258415,1.1803331294369389e-28,0.0,0.0,0.0
147.81754391443317,19.484376688441898,8.8746851837363828e-30,0.0,0.0,0.0
122.09897757496864,42.169462519322558,1.0649622220483659e-29,0.0,0.0,0.0
71.018781590431885,0.16547767792876261,6.5672670359649233e-29,0.0,0.0
104.58815704802319,6.5463678954666671,6.212279628615468e-30,0.0,0.0,0.0
98.151983193321129,5.4942338139386395,1.7867699503255917e-28,0.0,0.0,0.0
92.282154677089338,3.2008031229342554e-28,4.3485957400308276e-29,0.0,0.0
76.96203607049263,1.6477332157803884e-27,6.7546215009549136e-29,0.0,0.0
60.546630160701412,7.0701658630433183e-29,7.1983557601417327e-30,0.0,0.0
169.15850895082565,36.921087287150016,1.1537090738857298e-29,0.0,0.0,0.0
53.689858670598639,8.1947856910490233e-28,7.1096089083043689e-29,0.0,0.0
54.902870648357556,1.1359103997116807e-27,6.2911657191375691e-29,0.0,0.0
211.07303904869332,15.775112766158976,6.212279628615468e-29,0.0,0.0,0.0
73.196763705016579,4.5054812808984455,1.7857838741940655e-28,0.0,0.0,0.0
88.453705509973588,6.022221942883168,7.6159590018431058e-28,8.8746851837363828e-31,0.0,0.0
48.958718794842781,1.136748564423478e-27,1.1892078146206753e-28,0.0,0.0
109.14612078563675,11.470009251695236,1.1803331294369389e-28,0.0,0.0,0.0
69.727368137597637,17.810887655668392,1.2325951644078309e-28,0.0,0.0,0.0
139.54039973511098,25.881905629373435,1.2069571849881481e-28,0.0,0.0,0.0
42.82180340800555,6.6096683096205527e-28,6.4785201841275595e-29,0.0,0.0
110.68807219942576,35.399192769621621,1.8104357774822221e-28,0.0,0.0,0.0
229.63764740103278,40.766519887993951,1.2740103619319341e-28,0.0,0.0,0.0
97.842775590449108,0.13323906196643237,1.3055647981407745e-28,0.0,0.0
95.51061604727964,21.995258919653391,1.2247065553556208e-28,0.0,0.0,0.0
96.45420056096836,9.2183327155732861e-28,7.9872166653627445e-30,0.0,0.0
97.211108145752888,7.0859430811477385e-28,7.0997481469891062e-29,0.0,0.0
69.868436207836524,7.6563881232356827e-28,6.8335075914770148e-29,0.0,0.0
51.497363902894861,4.5780242500416373,1.1980824998044117e-28,0.0,0.0,0.0
176.72229974453992,18.375008624721101,1.2158318701718844e-28,0.0,0.0,0.0
48.611286185277223,5.6028845793322363e-28,7.1786342375112074e-29,0.0,0.0
404.24287229503199,93.204342816048609,1.2247065553556208e-28,0.0,0.0,0.0
68.50726852840981,1.5452799057148095e-27,2.7836929192986454e-28,4.4373425918681914e-30,0.0
152.82953396568982,10.192193269301931,6.4785201841275595e-29,0.0,0.0,0.0
70.602256791773087,1.6514803050801882e-27,6.6560138878022871e-29,0.0,0.0
99.1926553579423,1.8873004119346944e-27,1.8636838885846404e-28,0.0,0.0
286.7793473454513,76.319275670452569,6.3010264804528318e-29,0.0,0.0,0.0
143.81715071137501,30.402387701654511,1.1980824998044117e-28,0.0,0.0,0.0
310.64285012552938,67.314876717235677,9.8607613152626476e-30,0.0,0.0,0.0
144.15482107048055,21.410456074043612,1.2523166870383562e-28,0.0,0.0,0.0
2.2184464483595718,2.0574478484295514e-28,2.6624055551209148e-30,0.0,0.0
203.42838901989677,40.793759644675156,6.5771277972801859e-29,0.0,0.0,0.0
248.64950149581676,53.904631556496078,1.1980824998044117e-28,0.0,0.0,0.0
118.76342729557526,17.818627328615747,1.1803331294369389e-28,0.0,0.0,0.0
100.94129145159701,31.951397989389562,6.1235327767781041e-29,0.0,0.0,0.0
56.087618526890793,3.3097645354679077e-28,4.4373425918681914e-30,0.0,0.0
115.6255638199561,2.4007009498138442e-27,1.8922800963989021e-28,0.0,0.0
343.59237117175206,90.620635501398269,1.270066057405829e-28,0.0,0.0,0.0
135.61906718537324,21.255034388117767,1.7660623515635402e-28,0.0,0.0,0.0
68.226410805728037,8.514274357663533e-28,8.8746851837363828e-30,0.0,0.0
128.43903680498536,4.7214358431488543,1.1980824998044117e-28,0.0,0.0,0.0
88.680913968667653,2.7173122388626911,5.8671529825812753e-29,0.0,0.0,0.0
285.98759091278481,77.85056333284551,8.8746851837363828e-30,0.0,0.0,0.0
234.79480208067818,49.59249802393316,5.3248111102418297e-30,0.0,0.0,0.0
156.66372621516538,43.304319242611413,6.3010264804528318e-29,0.0,0.0,0.0
60.714216722910415,4.8396616535309074e-28,4.4891115887733203e-28,7.050444340412793e-29,0.0
86.228450625360338,6.0170365545732675e-28,1.3312027775604574e-29,0.0,0.0
169.31376641831537,18.537140680989403,5.4179953046710617e-28,1.7793743793391448e-28,1.7350009534204628e-28,1.7350009534204628e-28
146.96012479382628,38.040313871861485,5.3248111102418297e-30,0.0,0.0,0.0
98.377339354892896,1.1163367885008843e-27,1.1990685759359379e-28,0.0,0.0
223.75037490142023,39.37553086977951,1.7670484276950664e-28,0.0,0.0,0.0
228.4856786404539,27.942241507612799,6.212279628615468e-30,0.0,0.0,0.0
177.16465077820578,24.708755386393083,1.1980824998044117e-28,0.0,0.0,0.0
96.302482562880257,10.460877129142119,6.5771277972801859e-29,0.0,0.0,0.0
109.14211604187687,1.2992046070924301e-27,6.5672670359649233e-29,0.0,0.0
293.86389130869725,51.384336169540902,1.2720382096688815e-28,0.0,0.0,0.0
115.65685157181056,0.13672909379305465,1.027984367116131e-28,0.0,0.0
121.86567485721567,15.063117307613567,1.2345673166708835e-28,0.0,0.0,0.0
121.81815000504631,25.798491198413917,1.2158318701718844e-28,0.0,0.0,0.0
213.80297631939996,30.768045046665655,8.9732927968890093e-30,0.0,0.0,0.0
49.616704882311318,1.3894305731270834e-27,1.1980824998044117e-28,0.0,0.0
127.32053953661286,6.3582711999671888,1.8015610922984857e-28,0.0,0.0,0.0
48.422493388064396,1.7923412804687151e-27,1.8104357774822221e-28,0.0,0.0
93.580140839495442,2.0866158771955727,7.2772418506638339e-29,0.0,0.0,0.0
191.37027791154659,60.655105307280536,5.9558998344186391e-29,0.0,0.0,0.0
74.93321972876322,3.6584914556393682,1.8370598330334312e-28,0.0,0.0,0.0
57.369209592565475,3.550566853577521,1.2404837734600411e-28,0.0,0.0,0.0
82.435313163640288,0.68307257393867327,6.3897733322901956e-29,0.0,0.0
192.81051471339046,45.454709701893563,1.2000546520674642e-28,0.0,0.0,0.0
130.12494609607663,3.4313409026510189,6.5672670359649233e-29,0.0,0.0,0.0
128.25937080184781,28.436735956503266,1.2493584586437774e-28,0.0,0.0,0.0
136.91866529072385,20.030119797640197,6.4785201841275595e-29,0.0,0.0,0.0
60.370517302464918,8.5183614521271984,1.7749370367472766e-28,0.0,0.0,0.0
87.807963782981716,18.611864381577309,6.1235327767781041e-29,0.0,0.0,0.0
114.83616738075969,5.0638636437956173,1.769020579958119e-28,0.0,0.0,0.0
98.165855429691433,13.357193136405257,6.6461531264870245e-29,0.0,0.0,0.0
161.15823735045487,51.404527088388171,1.1714584442532025e-28,0.0,0.0,0.0
217.24211899064196,25.029165910504418,6.2221403899307306e-29,0.0,0.0,0.0
166.08655472071669,16.545731919626107,6.3010264804528318e-29,0.0,0.0,0.0
186.42559934080472,41.348998833732196,6.8137860688464895e-29,0.0,0.0,0.0
100.56627210585667,1.2334333291196283e-27,6.3897733322901956e-29,0.0,0.0
87.358173930338481,9.2052007094753954,6.3996340936054583e-29,0.0,0.0,0.0
1.2955068215992066e-27,1.3484591098621671e-28
1.5288617381248972e-27,1.4495319133436092e-28
2.2037815463480491e-27,1.4174844390690056e-28
7.828951446252779e-28,1.4110749442140849e-28
2.1341645714622948e-27,2.5933802259140763e-29
1.9357660537992103e-27,1.3844508886628757e-28
1.4874465406007941e-27,2.123021911176048e-28
9.3228567855150701e-28,1.5624376304033665e-28
1.6070082715483537e-27,8.588723105593766e-29
2.2034364197020149e-27,1.3430356911387726e-28
2.1570908415202805e-27,1.4105819061483217e-28
2.2154665485066353e-27,1.8035332445615382e-28
1.3456980966938935e-27,8.450672447180089e-29
1.1187033712165474e-27,1.0935584298626276e-28
1.2504924461950327e-27,9.8015967473710717e-29
7.754502698322546e-28,9.2937675396350453e-29
1.1453274267677565e-27,7.6716723032743398e-29
1.2425545333362462e-27,8.5690015829632407e-29
2.4113505720343278e-27,1.9736313772498189e-28
1.3257300550304867e-27,8.2731787435053613e-29
1.6132205511769691e-27,1.6048389040589959e-28
1.0225116445861602e-27,9.3775840108147778e-29
1.8828630693428262e-27,1.4091027919510323e-28
1.6030639670222486e-27,8.0266597106237951e-29
2.3438043570247787e-27,1.9100294667663748e-28
9.5654315138705313e-28,3.7968861444418824e-28
7.9354476684576156e-28,1.6048389040589959e-28
2.2338568683596002e-27,6.4726037273384019e-28
1.5198391415214319e-27,1.7098560120665431e-28
1.981519986302029e-27,1.3834648125313495e-28
6.3700518096596703e-28,3.3526588471893002e-29
1.8052095739851329e-27,2.4464548823166629e-28
1.3712374685004238e-27,1.3913534215835596e-28
1.7049749352154881e-27,1.322328092376721e-28
1.6009439033394671e-27,1.370645822821508e-28
4.0749596135322891e-28,1.0112210728801845e-28
1.939956877358197e-27,1.974124415315582e-28
2.0190401831066034e-27,8.3717863566579878e-29
1.0514529790464561e-27,2.8300384974803799e-29
8.6902889471409713e-28,9.7868056053981777e-29
2.1275085575744925e-27,1.3657154421638767e-28
2.0819025364914028e-27,1.4396711520283465e-28
8.3693211663291721e-28,8.9930143195195346e-29
2.5659673094576462e-27,1.3341610059550362e-28
7.378314654145276e-28,8.283039504820624e-29
2.2373574386265184e-27,1.3065508742723008e-28
2.6019097844517785e-27,1.3676875944269292e-28
8.2835325428863871e-28,3.0962790529924713e-29
2.189286227214613e-27,1.4081167158195061e-28
1.4409037471927544e-27,1.5254597754711316e-28
9.2765112073333357e-28,5.314950348926567e-29
2.54264660894705e-27,1.873544649899903e-28
1.7489046268749832e-27,9.2789763976621514e-29
1.3161651165546819e-27,1.5535629452196301e-28
1.1545965424041034e-27,1.3243002446397736e-28
2.5538878768464494e-27,1.370645822821508e-28
1.1888626879746411e-27,1.8276921097839317e-28
1.4886298319586256e-27,2.7018486003819654e-29
1.1733812927096787e-27,2.2581143411951463e-29
1.2598601694445322e-27,1.5363066129179205e-28
9.8080062422259924e-28,8.3619255953427251e-29
1.5000683150843303e-27,1.0481989278124194e-28
5.51216557523182e-28,1.0511571562069982e-28
1.3655675307441477e-27,1.2986622652200907e-28
6.461756889891613e-28,7.8886090522101181e-29
2.0521723411258859e-27,1.9874364430911866e-28
2.4685922914694275e-27,1.3972698783727172e-28
1.6454159368713017e-27,1.4801002734209234e-28
1.920284658534248e-27,1.3933255738466121e-28
1.3252863207712998e-27,1.3617711376377716e-28
1.7700559598962216e-27,2.007651003787475e-28
1.4412488738387886e-27,9.3282802042384646e-29
8.5014553679536916e-28,8.0759635172001084e-29
2.4007995574269968e-27,1.8922800963989021e-28
2.5829278189198979e-27,7.6652628084194191e-28
1.4283805803223708e-27,2.070759876205156e-29
1.2880619468061833e-27,7.9379128587864313e-29
1.8259664765537608e-27,6.6515765452104189e-28
2.629372004714785e-27,1.9090433906348486e-28
2.2315888932570898e-27,7.4843178382843495e-29
1.481776602844518e-27,7.9477736201016939e-29
7.0785475101612916e-28,2.4257472835546113e-29
1.9970506853735677e-27,8.5690015829632407e-29
7.6125077353827639e-28,3.9147222421592711e-29
1.9394638392924338e-27,1.3578268331116666e-28
1.3789781661329049e-27,9.7966663667134404e-29
1.5240792688869948e-27,8.7169130026921804e-29
1.7758245052656502e-27,2.4257472835546113e-29
2.1227753921431665e-27,8.3175521694240432e-29
1.4290215298078629e-27,1.601387637598654e-28
7.5296773403345577e-28,1.4569274843300562e-28
1.5727914297843923e-27,8.3915078792885131e-29
9.7448973698083115e-28,8.7957990932142816e-29
2.1337701410096843e-27,1.4209357055293475e-28
2.0700203191065113e-27,7.7406976324811783e-29
1.8590493307664669e-27,2.1323896344255475e-28
2.0824448783637422e-27,1.6861901849099127e-28
8.0355343958075315e-28,3.7963931063761193e-29
1.7686261495055085e-27,2.0929465891644969e-28
2.687303977441953e-27,2.4947726127614498e-28
1.9787096693271792e-27,8.0956850398306337e-29
7.9280520974711686e-28,8.0956850398306337e-29
1.5207266100398055e-27,1.4391781139625834e-28
1.3580240483379718e-27,8.5394192990174528e-29
5.8878605813433269e-28,1.392832535780849e-28
2.5980147837322498e-27,1.3933255738466121e-28
2.8024283657976444e-28,3.0075322011551075e-29
1.2957040368255119e-27,1.5274319277341841e-28
7.4355070697737994e-28,8.9634320355737466e-29
1.276524856067326e-27,1.4238939339239263e-28
1.4174844390690056e-28,3.1455828595687846e-29
1.4834036284615364e-27,1.4692534359741345e-28
2.4512866553611416e-27,1.3252863207712998e-28
1.3743929121213078e-27,1.3459939195333514e-28
1.6023737137301802e-27,9.0719004100416358e-29
1.2533027631698825e-28,2.5342156580225004e-29
1.4904540728019492e-28,2.8201777361651172e-29
1.4434182413281464e-27,9.1113434553026864e-29
1.3516145534830511e-27,1.3883951931889808e-28
1.8857719939308287e-27,2.506605526339765e-28
1.7004389850104673e-27,1.5086964812351851e-28
1.2553735230460877e-27,8.3175521694240432e-29
2.7419818989350844e-27,1.8962244009250071e-28
8.7553699718217048e-28,8.4802547311258769e-29
7.5015741705860591e-28,8.3816471179732504e-29
7.165815247801366e-28,8.5788623442785034e-29
1.3767101910303945e-27,8.6281661508548166e-29
1.4792128049025498e-27,1.5609585162060771e-28
1.0400144959207514e-27,1.8528370511378515e-28
1.2318556073091862e-27,1.5067243289721325e-28
1.5930059904806807e-27,2.1407712815435208e-28
1.8300093886930184e-27,1.3864230409259282e-28
2.1935756583867523e-27,1.370645822821508e-28
2.0459600614972704e-27,1.3943116499781384e-28
1.768083807633169e-27,9.486052385282667e-29
2.0317112613967159e-27,2.048573163245815e-28
1.0188138590929367e-27,8.1647103690374722e-29
1.7194209505423479e-27,1.4613648269219244e-28
1.5747635820474448e-27,1.4317825429761364e-28
1.9341883319887683e-27,8.0956850398306337e-29
2.4036098744018467e-27,1.3528964524540352e-28
3.5784702813088148e-28,1.1625837590694661e-28
1.1313251457000836e-27,8.2633179821900987e-29
1.8831588921822841e-27,1.4381920378310571e-28
1.7708448208014426e-27,8.8253813771600696e-29
1.8454414801514045e-28,8.1499192270645782e-29
1.5272347125078789e-27,1.8345946427046156e-28
1.2106549704813716e-27,1.3070439123380639e-28
6.0081618693895312e-28,1.12856413253181e-28
1.1850169910616887e-27,1.370645822821508e-28
2.2395268061158762e-27,8.1548496077222095e-29
1.4109270327943559e-27,1.9810269482362659e-28
8.8426377094617792e-28,2.8793423040566931e-29
2.5593112955698439e-27,1.3154255594560372e-28
5.6285225587519192e-28,2.8004562135345919e-29
2.6512628948346681e-27,1.3016204936146695e-28
2.2938102971563971e-27,1.3292306252974049e-28
2.6058540889778836e-27,1.4012141828988222e-28
2.2120152820462934e-27,1.3243002446397736e-28
1.3159679013283766e-27,2.1792282506730451e-29
1.6870283496217101e-27,1.3805065841367707e-28
1.9817172015283343e-27,5.0043363674957936e-28
1.4567795729103272e-27,1.5141198999585795e-28
6.5169771532570838e-28,7.7702799164269663e-29
2.2014149636323861e-27,7.5139001222301374e-29
1.4787197668367866e-27,7.9970774266780072e-29
2.1728187558181244e-27,1.337119234349615e-28
2.4331921583476346e-27,1.3144394833245109e-28
1.8342495160585814e-27,8.7070522413769178e-29
2.0759860797022452e-27,1.3499382240594565e-28
1.3874584208640308e-27,8.5492800603327154e-29
1.5018432521210775e-27,8.0266597106237951e-29
1.4525887493513406e-27,1.6580870151614142e-28
1.623426439138266e-27,7.8886090522101181e-29
8.2288053175866794e-28,8.3816471179732504e-29
1.5473013617844383e-27,7.8393052456338048e-29
1.7209000647396373e-27,2.439552349395979e-28
1.5322637007786628e-27,2.8398992587956425e-29
1.8991826293195859e-27,1.4968635676568699e-28
1.3220815733438395e-27,1.0072767683540794e-28
2.0997505144720282e-27,8.2435964595595734e-29
8.1247742857106585e-28,1.0703856407717604e-28
7.415292509077511e-28,2.9483676332635316e-29
1.7991945095828227e-27,8.2041534142985228e-29
1.7061582265733196e-27,1.497356605722633e-28
1.9030776300391147e-27,1.4150192487401899e-28
1.7547224760509881e-28,2.6131017485446016e-29
2.0320563880427501e-27,7.582925451436976e-29
1.7641888069136403e-27,1.8385389472307206e-28
2.2683202291564431e-27,2.5440764193377631e-28
2.3807822119570136e-27,1.3962838022411909e-28
2.834475840072248e-27,2.4701207094732932e-28
2.7090469561421072e-27,1.3933255738466121e-28
1.8997249711919254e-27,2.8625790098207466e-28
1.1369950834563596e-27,9.2493941137163634e-29
2.4892012826183264e-27,7.8491660069490675e-29
1.4032356389684511e-27,1.4051584874249273e-28
1.3732096207634763e-27,1.5466604122989463e-28
1.4665417266124373e-27,1.5555350974826827e-28
1.9873871392846103e-27,1.3805065841367707e-28
