1.1.01.00001,future_est,sphere,0.0,5,0.0,3.9199999999999999
1.1.01.00002,future_est,sphere,0.0,5,0.0,3.9199999999999999
1.1.01.00003,future_est,sphere,0.0,5,0.0,3.9199999999999999
1.1.01.00004,future_est,sphere,0.0,5,0.0,3.9199999999999999
1.1.01.00005,future_est,sphere,0.0,5,0.0,3.9199999999999999
1.1.01.00006,future_est,sphere,0.0,5,0.0,3.9199999999999999
1.1.01.00007,future_est,sphere,0.0,5,0.0,3.9199999999999999
1.1.01.00008,future_est,sphere,0.0,5,0.0,3.9199999999999999
1.1.01.00009,future_est,sphere,0.0,5,0.0,3.9199999999999999
1.1.01.00010,future_est,sphere,0.0,5,0.0,3.9199999999999999
1.1.01.00011,future_est,sphere,0.0,5,0.0,3.9199999999999999
1.1.01.00012,future_est,sphere,0.0,5,0.0,3.9199999999999999
1.1.01.00013,future_est,sphere,0.0,5,0.0,3.9199999999999999
1.1.01.00014,future_est,sphere,0.0,5,0.0,3.9199999999999999
1.1.01.00015,future_est,sphere,0.0,5,0.0,3.9199999999999999
1.1.01.00016,future_est,sphere,0.0,5,0.0,3.9199999999999999
1.1.01.00017,future_est,sphere,0.0,5,0.0,3.9199999999999999
1.1.01.00018,future_est,sphere,0.0,5,0.0,3.9199999999999999
1.1.01.00019,future_est,sphere,0.0,5,0.0,3.9199999999999999
1.1.01.00020,future_est,sphere,0.0,5,0.0,3.9199999999999999
1.1.01.00021,future_est,sphere,0.0,5,0.0,3.9199999999999999
1.1.01.00022,future_est,sphere,0.0,5,0.0,3.9199999999999999
1.1.01.00023,future_est,sphere,0.0,5,0.0,3.9199999999999999
1.1.01.00024,future_est,sphere,0.0,5,0.0,3.9199999999999999
1.1.01.00025,future_est,sphere,0.0,5,0.0,3.9199999999999999
1.1.01.00026,future_est,sphere,0.0,5,0.0,3.9199999999999999
1.1.01.00027,future_est,sphere,0.0,5,0.0,3.9199999999999999
1.1.01.00028,future_est,sphere,0.0,5,0.0,3.9199999999999999
1.1.01.00029,future_est,sphere,0.0,5,0.0,3.9199999999999999
1.1.01.00030,future_est,sphere,0.0,5,0.0,3.9199999999999999
1.1.01.00031,future_est,sphere,0.0,5,0.0,3.9199999999999999
1.1.01.00032,future_est,sphere,0.0,5,0.0,3.9199999999999999
1.1.01.00033,future_est,sphere,0.0,5,0.0,3.9199999999999999
1.1.01.00034,future_est,sphere,0.0,5,0.0,3.9199999999999999
1.1.01.00035,future_est,sphere,0.0,5,0.0,3.9199999999999999
1.1.01.00036,future_est,sphere,0.0,5,0.0,3.9199999999999999
1.1.01.00037,future_est,sphere,0.0,5,0.0,3.9199999999999999
1.1.01.00038,future_est,sphere,0.0,5,0.0,3.9199999999999999
1.1.01.00039,future_est,sphere,0.0,5,0.0,3.9199999999999999
1.1.01.00040,future_est,sphere,0.0,5,0.0,3.9199999999999999
1.1.01.00041,future_est,sphere,0.0,5,0.0,3.9199999999999999
1.1.01.00042,future_est,sphere,0.0,5,0.0,3.9199999999999999
1.1.01.00043,future_est,sphere,0.0,5,0.0,3.9199999999999999
1.1.01.00044,future_est,sphere,0.0,5,0.0,3.9199999999999999
1.1.01.00045,future_est,sphere,0.0,5,0.0,3.9199999999999999
1.1.01.00046,future_est,sphere,0.0,5,0.0,3.9199999999999999
1.1.01.00047,future_est,sphere,0.0,5,0.0,3.9199999999999999
1.1.01.00048,future_est,sphere,0.0,5,0.0,3.9199999999999999
1.1.01.00049,future_est,sphere,0.0,5,0.0,3.9199999999999999
1.1.01.00050,future_est,sphere,0.0,5,0.0,3.9199999999999999
1.1.01.00051,future_est,sphere,0.0,5,0.0,3.9199999999999999
1.1.01.00052,future_est,sphere,0.0,5,0.0,3.9199999999999999
1.1.01.00053,future_est,sphere,0.0,5,0.0,3.9199999999999999
1.1.01.00054,future_est,sphere,0.0,5,0.0,3.9199999999999999
1.1.01.00055,future_est,sphere,0.0,5,0.0,3.9199999999999999
1.1.01.00056,future_est,sphere,0.0,5,0.0,3.9199999999999999
1.1.01.00057,future_est,sphere,0.0,5,0.0,3.9199999999999999
1.1.01.00058,future_est,sphere,0.0,5,0.0,3.9199999999999999
1.1.01.00059,future_est,sphere,0.0,5,0.0,3.9199999999999999
1.1.01.00060,future_est,sphere,0.0,5,0.0,3.9199999999999999
1.1.01.00061,future_est,sphere,0.0,5,0.0,3.9199999999999999
1.1.01.00062,future_est,sphere,0.0,5,0.0,3.9199999999999999
1.1.01.00063,future_est,sphere,0.0,5,0.0,3.9199999999999999
1.1.01.00064,future_est,sphere,0.0,5,0.0,3.9199999999999999
1.1.01.00065,future_est,sphere,0.0,5,0.0,3.9199999999999999
1.1.01.00066,future_est,sphere,0.0,5,0.0,3.9199999999999999
1.1.01.00067,future_est,sphere,0.0,5,0.0,3.9199999999999999
1.1.01.00068,future_est,sphere,0.0,5,0.0,3.9199999999999999
1.1.01.00069,future_est,sphere,0.0,5,0.0,3.9199999999999999
1.1.01.00070,future_est,sphere,0.0,5,0.0,3.9199999999999999
1.1.01.00071,future_est,sphere,0.0,5,0.0,3.9199999999999999
1.1.01.00072,future_est,sphere,0.0,5,0.0,3.9199999999999999
1.1.01.00073,future_est,sphere,0.0,5,0.0,3.9199999999999999
1.1.01.00074,future_est,sphere,0.0,5,0.0,3.9199999999999999
1.1.01.00075,future_est,sphere,0.0,5,0.0,3.9199999999999999
1.1.01.00076,future_est,sphere,0.0,5,0.0,3.9199999999999999
1.1.01.00077,future_est,sphere,0.0,5,0.0,3.9199999999999999
1.1.01.00078,future_est,sphere,0.0,5,0.0,3.9199999999999999
1.1.01.00079,future_est,sphere,0.0,5,0.0,3.9199999999999999
1.1.01.00080,future_est,sphere,0.0,5,0.0,3.9199999999999999
1.1.01.00081,future_est,sphere,0.0,5,0.0,3.9199999999999999
1.1.01.00082,future_est,sphere,0.0,5,0.0,3.9199999999999999
1.1.01.00083,future_est,sphere,0.0,5,0.0,3.9199999999999999
1.1.01.00084,future_est,sphere,0.0,5,0.0,3.9199999999999999
1.1.01.00085,future_est,sphere,0.0,5,0.0,3.9199999999999999
1.1.01.00086,future_est,sphere,0.0,5,0.0,3.9199999999999999
1.1.01.00087,future_est,sphere,0.0,5,0.0,3.9199999999999999
1.1.01.00088,future_est,sphere,0.0,5,0.0,3.9199999999999999
1.1.01.00089,future_est,sphere,0.0,5,0.0,3.9199999999999999
1.1.01.00090,future_est,sphere,0.0,5,0.0,3.9199999999999999
1.1.01.00091,future_est,sphere,0.0,5,0.0,3.9199999999999999
1.1.01.00092,future_est,sphere,0.0,5,0.0,3.9199999999999999
1.1.01.00093,future_est,sphere,0.0,5,0.0,3.9199999999999999
1.1.01.00094,future_est,sphere,0.0,5,0.0,3.9199999999999999
1.1.01.00095,future_est,sphere,0.0,5,0.0,3.9199999999999999
1.1.01.00096,future_est,sphere,0.0,5,0.0,3.9199999999999999
1.1.01.00097,future_est,sphere,0.0,5,0.0,3.9199999999999999
1.1.01.00098,future_est,sphere,0.0,5,0.0,3.9199999999999999
1.1.01.00099,future_est,sphere,0.0,5,0.0,3.9199999999999999
1.1.01.00100,future_est,sphere,0.0,5,0.0,3.9199999999999999
2.1.01.00001,best_est,sphere,0.0,5,0.0,3.9199999999999999
2.1.01.00002,best_est,sphere,0.0,5,0.0,3.9199999999999999
2.1.01.00003,best_est,sphere,0.0,5,0.0,3.9199999999999999
2.1.01.00004,best_est,sphere,0.0,5,0.0,3.9199999999999999
2.1.01.00005,best_est,sphere,0.0,5,0.0,3.9199999999999999
2.1.01.00006,best_est,sphere,0.0,5,0.0,3.9199999999999999
2.1.01.00007,best_est,sphere,0.0,5,0.0,3.9199999999999999
2.1.01.00008,best_est,sphere,0.0,5,0.0,3.9199999999999999
2.1.01.00009,best_est,sphere,0.0,5,0.0,3.9199999999999999
2.1.01.00010,best_est,sphere,0.0,5,0.0,3.9199999999999999
2.1.01.00011,best_est,sphere,0.0,5,0.0,3.9199999999999999
2.1.01.00012,best_est,sphere,0.0,5,0.0,3.9199999999999999
2.1.01.00013,best_est,sphere,0.0,5,0.0,3.9199999999999999
2.1.01.00014,best_est,sphere,0.0,5,0.0,3.9199999999999999
2.1.01.00015,best_est,sphere,0.0,5,0.0,3.9199999999999999
2.1.01.00016,best_est,sphere,0.0,5,0.0,3.9199999999999999
2.1.01.00017,best_est,sphere,0.0,5,0.0,3.9199999999999999
2.1.01.00018,best_est,sphere,0.0,5,0.0,3.9199999999999999
2.1.01.00019,best_est,sphere,0.0,5,0.0,3.9199999999999999
2.1.01.00020,best_est,sphere,0.0,5,0.0,3.9199999999999999
2.1.01.00021,best_est,sphere,0.0,5,0.0,3.9199999999999999
2.1.01.00022,best_est,sphere,0.0,5,0.0,3.9199999999999999
2.1.01.00023,best_est,sphere,0.0,5,0.0,3.9199999999999999
2.1.01.00024,best_est,sphere,0.0,5,0.0,3.9199999999999999
2.1.01.00025,best_est,sphere,0.0,5,0.0,3.9199999999999999
2.1.01.00026,best_est,sphere,0.0,5,0.0,3.9199999999999999
2.1.01.00027,best_est,sphere,0.0,5,0.0,3.9199999999999999
2.1.01.00028,best_est,sphere,0.0,5,0.0,3.9199999999999999
2.1.01.00029,best_est,sphere,0.0,5,0.0,3.9199999999999999
2.1.01.00030,best_est,sphere,0.0,5,0.0,3.9199999999999999
2.1.01.00031,best_est,sphere,0.0,5,0.0,3.9199999999999999
2.1.01.00032,best_est,sphere,0.0,5,0.0,3.9199999999999999
2.1.01.00033,best_est,sphere,0.0,5,0.0,3.9199999999999999
2.1.01.00034,best_est,sphere,0.0,5,0.0,3.9199999999999999
2.1.01.00035,best_est,sphere,0.0,5,0.0,3.9199999999999999
2.1.01.00036,best_est,sphere,0.0,5,0.0,3.9199999999999999
2.1.01.00037,best_est,sphere,0.0,5,0.0,3.9199999999999999
2.1.01.00038,best_est,sphere,0.0,5,0.0,3.9199999999999999
2.1.01.00039,best_est,sphere,0.0,5,0.0,3.9199999999999999
2.1.01.00040,best_est,sphere,0.0,5,0.0,3.9199999999999999
2.1.01.00041,best_est,sphere,0.0,5,0.0,3.9199999999999999
2.1.01.00042,best_est,sphere,0.0,5,0.0,3.9199999999999999
2.1.01.00043,best_est,sphere,0.0,5,0.0,3.9199999999999999
2.1.01.00044,best_est,sphere,0.0,5,0.0,3.9199999999999999
2.1.01.00045,best_est,sphere,0.0,5,0.0,3.9199999999999999
2.1.01.00046,best_est,sphere,0.0,5,0.0,3.9199999999999999
2.1.01.00047,best_est,sphere,0.0,5,0.0,3.9199999999999999
2.1.01.00048,best_est,sphere,0.0,5,0.0,3.9199999999999999
2.1.01.00049,best_est,sphere,0.0,5,0.0,3.9199999999999999
2.1.01.00050,best_est,sphere,0.0,5,0.0,3.9199999999999999
2.1.01.00051,best_est,sphere,0.0,5,0.0,3.9199999999999999
2.1.01.00052,best_est,sphere,0.0,5,0.0,3.9199999999999999
2.1.01.00053,best_est,sphere,0.0,5,0.0,3.9199999999999999
2.1.01.00054,best_est,sphere,0.0,5,0.0,3.9199999999999999
2.1.01.00055,best_est,sphere,0.0,5,0.0,3.9199999999999999
2.1.01.00056,best_est,sphere,0.0,5,0.0,3.9199999999999999
2.1.01.00057,best_est,sphere,0.0,5,0.0,3.9199999999999999
2.1.01.00058,best_est,sphere,0.0,5,0.0,3.9199999999999999
2.1.01.00059,best_est,sphere,0.0,5,0.0,3.9199999999999999
2.1.01.00060,best_est,sphere,0.0,5,0.0,3.9199999999999999
2.1.01.00061,best_est,sphere,0.0,5,0.0,3.9199999999999999
2.1.01.00062,best_est,sphere,0.0,5,0.0,3.9199999999999999
2.1.01.00063,best_est,sphere,0.0,5,0.0,3.9199999999999999
2.1.01.00064,best_est,sphere,0.0,5,0.0,3.9199999999999999
2.1.01.00065,best_est,sphere,0.0,5,0.0,3.9199999999999999
2.1.01.00066,best_est,sphere,0.0,5,0.0,3.9199999999999999
2.1.01.00067,best_est,sphere,0.0,5,0.0,3.9199999999999999
2.1.01.00068,best_est,sphere,0.0,5,0.0,3.9199999999999999
2.1.01.00069,best_est,sphere,0.0,5,0.0,3.9199999999999999
2.1.01.00070,best_est,sphere,0.0,5,0.0,3.9199999999999999
2.1.01.00071,best_est,sphere,0.0,5,0.0,3.9199999999999999
2.1.01.00072,best_est,sphere,0.0,5,0.0,3.9199999999999999
2.1.01.00073,best_est,sphere,0.0,5,0.0,3.9199999999999999
2.1.01.00074,best_est,sphere,0.0,5,0.0,3.9199999999999999
2.1.01.00075,best_est,sphere,0.0,5,0.0,3.9199999999999999
2.1.01.00076,best_est,sphere,0.0,5,0.0,3.9199999999999999
2.1.01.00077,best_est,sphere,0.0,5,0.0,3.9199999999999999
2.1.01.00078,best_est,sphere,0.0,5,0.0,3.9199999999999999
2.1.01.00079,best_est,sphere,0.0,5,0.0,3.9199999999999999
2.1.01.00080,best_est,sphere,0.0,5,0.0,3.9199999999999999
2.1.01.00081,best_est,sphere,0.0,5,0.0,3.9199999999999999
2.1.01.00082,best_est,sphere,0.0,5,0.0,3.9199999999999999
2.1.01.00083,best_est,sphere,0.0,5,0.0,3.9199999999999999
2.1.01.00084,best_est,sphere,0.0,5,0.0,3.9199999999999999
2.1.01.00085,best_est,sphere,0.0,5,0.0,3.9199999999999999
2.1.01.00086,best_est,sphere,0.0,5,0.0,3.9199999999999999
2.1.01.00087,best_est,sphere,0.0,5,0.0,3.9199999999999999
2.1.01.00088,best_est,sphere,0.0,5,0.0,3.9199999999999999
2.1.01.00089,best_est,sphere,0.0,5,0.0,3.9199999999999999
2.1.01.00090,best_est,sphere,0.0,5,0.0,3.9199999999999999
2.1.01.00091,best_est,sphere,0.0,5,0.0,3.9199999999999999
2.1.01.00092,best_est,sphere,0.0,5,0.0,3.9199999999999999
2.1.01.00093,best_est,sphere,0.0,5,0.0,3.9199999999999999
2.1.01.00094,best_est,sphere,0.0,5,0.0,3.9199999999999999
2.1.01.00095,best_est,sphere,0.0,5,0.0,3.9199999999999999
2.1.01.00096,best_est,sphere,0.0,5,0.0,3.9199999999999999
2.1.01.00097,best_est,sphere,0.0,5,0.0,3.9199999999999999
2.1.01.00098,best_est,sphere,0.0,5,0.0,3.9199999999999999
2.1.01.00099,best_est,sphere,0.0,5,0.0,3.9199999999999999
2.1.01.00100,best_est,sphere,0.0,5,0.0,3.9199999999999999
1.1.02.00001,future_est,sphere,0.1,5,0.0,3.9199999999999999
1.1.02.00002,future_est,sphere,0.1,5,0.0,3.9199999999999999
1.1.02.00003,future_est,sphere,0.1,5,0.0,3.9199999999999999
1.1.02.00004,future_est,sphere,0.1,5,0.0,3.9199999999999999
1.1.02.00005,future_est,sphere,0.1,5,0.0,3.9199999999999999
1.1.02.00006,future_est,sphere,0.1,5,0.0,3.9199999999999999
1.1.02.00007,future_est,sphere,0.1,5,0.0,3.9199999999999999
1.1.02.00008,future_est,sphere,0.1,5,0.0,3.9199999999999999
1.1.02.00009,future_est,sphere,0.1,5,0.0,3.9199999999999999
1.1.02.00010,future_est,sphere,0.1,5,0.0,3.9199999999999999
1.1.02.00011,future_est,sphere,0.1,5,0.0,3.9199999999999999
1.1.02.00012,future_est,sphere,0.1,5,0.0,3.9199999999999999
1.1.02.00013,future_est,sphere,0.1,5,0.0,3.9199999999999999
1.1.02.00014,future_est,sphere,0.1,5,0.0,3.9199999999999999
1.1.02.00015,future_est,sphere,0.1,5,0.0,3.9199999999999999
1.1.02.00016,future_est,sphere,0.1,5,0.0,3.9199999999999999
1.1.02.00017,future_est,sphere,0.1,5,0.0,3.9199999999999999
1.1.02.00018,future_est,sphere,0.1,5,0.0,3.9199999999999999
1.1.02.00019,future_est,sphere,0.1,5,0.0,3.9199999999999999
1.1.02.00020,future_est,sphere,0.1,5,0.0,3.9199999999999999
1.1.02.00021,future_est,sphere,0.1,5,0.0,3.9199999999999999
1.1.02.00022,future_est,sphere,0.1,5,0.0,3.9199999999999999
1.1.02.00023,future_est,sphere,0.1,5,0.0,3.9199999999999999
1.1.02.00024,future_est,sphere,0.1,5,0.0,3.9199999999999999
1.1.02.00025,future_est,sphere,0.1,5,0.0,3.9199999999999999
1.1.02.00026,future_est,sphere,0.1,5,0.0,3.9199999999999999
1.1.02.00027,future_est,sphere,0.1,5,0.0,3.9199999999999999
1.1.02.00028,future_est,sphere,0.1,5,0.0,3.9199999999999999
1.1.02.00029,future_est,sphere,0.1,5,0.0,3.9199999999999999
1.1.02.00030,future_est,sphere,0.1,5,0.0,3.9199999999999999
1.1.02.00031,future_est,sphere,0.1,5,0.0,3.9199999999999999
1.1.02.00032,future_est,sphere,0.1,5,0.0,3.9199999999999999
1.1.02.00033,future_est,sphere,0.1,5,0.0,3.9199999999999999
1.1.02.00034,future_est,sphere,0.1,5,0.0,3.9199999999999999
1.1.02.00035,future_est,sphere,0.1,5,0.0,3.9199999999999999
1.1.02.00036,future_est,sphere,0.1,5,0.0,3.9199999999999999
1.1.02.00037,future_est,sphere,0.1,5,0.0,3.9199999999999999
1.1.02.00038,future_est,sphere,0.1,5,0.0,3.9199999999999999
1.1.02.00039,future_est,sphere,0.1,5,0.0,3.9199999999999999
1.1.02.00040,future_est,sphere,0.1,5,0.0,3.9199999999999999
1.1.02.00041,future_est,sphere,0.1,5,0.0,3.9199999999999999
1.1.02.00042,future_est,sphere,0.1,5,0.0,3.9199999999999999
1.1.02.00043,future_est,sphere,0.1,5,0.0,3.9199999999999999
1.1.02.00044,future_est,sphere,0.1,5,0.0,3.9199999999999999
1.1.02.00045,future_est,sphere,0.1,5,0.0,3.9199999999999999
1.1.02.00046,future_est,sphere,0.1,5,0.0,3.9199999999999999
1.1.02.00047,future_est,sphere,0.1,5,0.0,3.9199999999999999
1.1.02.00048,future_est,sphere,0.1,5,0.0,3.9199999999999999
1.1.02.00049,future_est,sphere,0.1,5,0.0,3.9199999999999999
1.1.02.00050,future_est,sphere,0.1,5,0.0,3.9199999999999999
1.1.02.00051,future_est,sphere,0.1,5,0.0,3.9199999999999999
1.1.02.00052,future_est,sphere,0.1,5,0.0,3.9199999999999999
1.1.02.00053,future_est,sphere,0.1,5,0.0,3.9199999999999999
1.1.02.00054,future_est,sphere,0.1,5,0.0,3.9199999999999999
1.1.02.00055,future_est,sphere,0.1,5,0.0,3.9199999999999999
1.1.02.00056,future_est,sphere,0.1,5,0.0,3.9199999999999999
1.1.02.00057,future_est,sphere,0.1,5,0.0,3.9199999999999999
1.1.02.00058,future_est,sphere,0.1,5,0.0,3.9199999999999999
1.1.02.00059,future_est,sphere,0.1,5,0.0,3.9199999999999999
1.1.02.00060,future_est,sphere,0.1,5,0.0,3.9199999999999999
1.1.02.00061,future_est,sphere,0.1,5,0.0,3.9199999999999999
1.1.02.00062,future_est,sphere,0.1,5,0.0,3.9199999999999999
1.1.02.00063,future_est,sphere,0.1,5,0.0,3.9199999999999999
1.1.02.00064,future_est,sphere,0.1,5,0.0,3.9199999999999999
1.1.02.00065,future_est,sphere,0.1,5,0.0,3.9199999999999999
1.1.02.00066,future_est,sphere,0.1,5,0.0,3.9199999999999999
1.1.02.00067,future_est,sphere,0.1,5,0.0,3.9199999999999999
1.1.02.00068,future_est,sphere,0.1,5,0.0,3.9199999999999999
1.1.02.00069,future_est,sphere,0.1,5,0.0,3.9199999999999999
1.1.02.00070,future_est,sphere,0.1,5,0.0,3.9199999999999999
1.1.02.00071,future_est,sphere,0.1,5,0.0,3.9199999999999999
1.1.02.00072,future_est,sphere,0.1,5,0.0,3.9199999999999999
1.1.02.00073,future_est,sphere,0.1,5,0.0,3.9199999999999999
1.1.02.00074,future_est,sphere,0.1,5,0.0,3.9199999999999999
1.1.02.00075,future_est,sphere,0.1,5,0.0,3.9199999999999999
1.1.02.00076,future_est,sphere,0.1,5,0.0,3.9199999999999999
1.1.02.00077,future_est,sphere,0.1,5,0.0,3.9199999999999999
1.1.02.00078,future_est,sphere,0.1,5,0.0,3.9199999999999999
1.1.02.00079,future_est,sphere,0.1,5,0.0,3.9199999999999999
1.1.02.00080,future_est,sphere,0.1,5,0.0,3.9199999999999999
1.1.02.00081,future_est,sphere,0.1,5,0.0,3.9199999999999999
1.1.02.00082,future_est,sphere,0.1,5,0.0,3.9199999999999999
1.1.02.00083,future_est,sphere,0.1,5,0.0,3.9199999999999999
1.1.02.00084,future_est,sphere,0.1,5,0.0,3.9199999999999999
1.1.02.00085,future_est,sphere,0.1,5,0.0,3.9199999999999999
1.1.02.00086,future_est,sphere,0.1,5,0.0,3.9199999999999999
1.1.02.00087,future_est,sphere,0.1,5,0.0,3.9199999999999999
1.1.02.00088,future_est,sphere,0.1,5,0.0,3.9199999999999999
1.1.02.00089,future_est,sphere,0.1,5,0.0,3.9199999999999999
1.1.02.00090,future_est,sphere,0.1,5,0.0,3.9199999999999999
1.1.02.00091,future_est,sphere,0.1,5,0.0,3.9199999999999999
1.1.02.00092,future_est,sphere,0.1,5,0.0,3.9199999999999999
1.1.02.00093,future_est,sphere,0.1,5,0.0,3.9199999999999999
1.1.02.00094,future_est,sphere,0.1,5,0.0,3.9199999999999999
1.1.02.00095,future_est,sphere,0.1,5,0.0,3.9199999999999999
1.1.02.00096,future_est,sphere,0.1,5,0.0,3.9199999999999999
1.1.02.00097,future_est,sphere,0.1,5,0.0,3.9199999999999999
1.1.02.00098,future_est,sphere,0.1,5,0.0,3.9199999999999999
1.1.02.00099,future_est,sphere,0.1,5,0.0,3.9199999999999999
1.1.02.00100,future_est,sphere,0.1,5,0.0,3.9199999999999999
2.1.02.00001,best_est,sphere,0.1,5,0.0,3.9199999999999999
2.1.02.00002,best_est,sphere,0.1,5,0.0,3.9199999999999999
2.1.02.00003,best_est,sphere,0.1,5,0.0,3.9199999999999999
2.1.02.00004,best_est,sphere,0.1,5,0.0,3.9199999999999999
2.1.02.00005,best_est,sphere,0.1,5,0.0,3.9199999999999999
2.1.02.00006,best_est,sphere,0.1,5,0.0,3.9199999999999999
2.1.02.00007,best_est,sphere,0.1,5,0.0,3.9199999999999999
2.1.02.00008,best_est,sphere,0.1,5,0.0,3.9199999999999999
2.1.02.00009,best_est,sphere,0.1,5,0.0,3.9199999999999999
2.1.02.00010,best_est,sphere,0.1,5,0.0,3.9199999999999999
2.1.02.00011,best_est,sphere,0.1,5,0.0,3.9199999999999999
2.1.02.00012,best_est,sphere,0.1,5,0.0,3.9199999999999999
2.1.02.00013,best_est,sphere,0.1,5,0.0,3.9199999999999999
2.1.02.00014,best_est,sphere,0.1,5,0.0,3.9199999999999999
2.1.02.00015,best_est,sphere,0.1,5,0.0,3.9199999999999999
2.1.02.00016,best_est,sphere,0.1,5,0.0,3.9199999999999999
2.1.02.00017,best_est,sphere,0.1,5,0.0,3.9199999999999999
2.1.02.00018,best_est,sphere,0.1,5,0.0,3.9199999999999999
2.1.02.00019,best_est,sphere,0.1,5,0.0,3.9199999999999999
2.1.02.00020,best_est,sphere,0.1,5,0.0,3.9199999999999999
2.1.02.00021,best_est,sphere,0.1,5,0.0,3.9199999999999999
2.1.02.00022,best_est,sphere,0.1,5,0.0,3.9199999999999999
2.1.02.00023,best_est,sphere,0.1,5,0.0,3.9199999999999999
2.1.02.00024,best_est,sphere,0.1,5,0.0,3.9199999999999999
2.1.02.00025,best_est,sphere,0.1,5,0.0,3.9199999999999999
2.1.02.00026,best_est,sphere,0.1,5,0.0,3.9199999999999999
2.1.02.00027,best_est,sphere,0.1,5,0.0,3.9199999999999999
2.1.02.00028,best_est,sphere,0.1,5,0.0,3.9199999999999999
2.1.02.00029,best_est,sphere,0.1,5,0.0,3.9199999999999999
2.1.02.00030,best_est,sphere,0.1,5,0.0,3.9199999999999999
2.1.02.00031,best_est,sphere,0.1,5,0.0,3.9199999999999999
2.1.02.00032,best_est,sphere,0.1,5,0.0,3.9199999999999999
2.1.02.00033,best_est,sphere,0.1,5,0.0,3.9199999999999999
2.1.02.00034,best_est,sphere,0.1,5,0.0,3.9199999999999999
2.1.02.00035,best_est,sphere,0.1,5,0.0,3.9199999999999999
2.1.02.00036,best_est,sphere,0.1,5,0.0,3.9199999999999999
2.1.02.00037,best_est,sphere,0.1,5,0.0,3.9199999999999999
2.1.02.00038,best_est,sphere,0.1,5,0.0,3.9199999999999999
2.1.02.00039,best_est,sphere,0.1,5,0.0,3.9199999999999999
2.1.02.00040,best_est,sphere,0.1,5,0.0,3.9199999999999999
2.1.02.00041,best_est,sphere,0.1,5,0.0,3.9199999999999999
2.1.02.00042,best_est,sphere,0.1,5,0.0,3.9199999999999999
2.1.02.00043,best_est,sphere,0.1,5,0.0,3.9199999999999999
2.1.02.00044,best_est,sphere,0.1,5,0.0,3.9199999999999999
2.1.02.00045,best_est,sphere,0.1,5,0.0,3.9199999999999999
2.1.02.00046,best_est,sphere,0.1,5,0.0,3.9199999999999999
2.1.02.00047,best_est,sphere,0.1,5,0.0,3.9199999999999999
2.1.02.00048,best_est,sphere,0.1,5,0.0,3.9199999999999999
2.1.02.00049,best_est,sphere,0.1,5,0.0,3.9199999999999999
2.1.02.00050,best_est,sphere,0.1,5,0.0,3.9199999999999999
2.1.02.00051,best_est,sphere,0.1,5,0.0,3.9199999999999999
2.1.02.00052,best_est,sphere,0.1,5,0.0,3.9199999999999999
2.1.02.00053,best_est,sphere,0.1,5,0.0,3.9199999999999999
2.1.02.00054,best_est,sphere,0.1,5,0.0,3.9199999999999999
2.1.02.00055,best_est,sphere,0.1,5,0.0,3.9199999999999999
2.1.02.00056,best_est,sphere,0.1,5,0.0,3.9199999999999999
2.1.02.00057,best_est,sphere,0.1,5,0.0,3.9199999999999999
2.1.02.00058,best_est,sphere,0.1,5,0.0,3.9199999999999999
2.1.02.00059,best_est,sphere,0.1,5,0.0,3.9199999999999999
2.1.02.00060,best_est,sphere,0.1,5,0.0,3.9199999999999999
2.1.02.00061,best_est,sphere,0.1,5,0.0,3.9199999999999999
2.1.02.00062,best_est,sphere,0.1,5,0.0,3.9199999999999999
2.1.02.00063,best_est,sphere,0.1,5,0.0,3.9199999999999999
2.1.02.00064,best_est,sphere,0.1,5,0.0,3.9199999999999999
2.1.02.00065,best_est,sphere,0.1,5,0.0,3.9199999999999999
2.1.02.00066,best_est,sphere,0.1,5,0.0,3.9199999999999999
2.1.02.00067,best_est,sphere,0.1,5,0.0,3.9199999999999999
2.1.02.00068,best_est,sphere,0.1,5,0.0,3.9199999999999999
2.1.02.00069,best_est,sphere,0.1,5,0.0,3.9199999999999999
2.1.02.00070,best_est,sphere,0.1,5,0.0,3.9199999999999999
2.1.02.00071,best_est,sphere,0.1,5,0.0,3.9199999999999999
2.1.02.00072,best_est,sphere,0.1,5,0.0,3.9199999999999999
2.1.02.00073,best_est,sphere,0.1,5,0.0,3.9199999999999999
2.1.02.00074,best_est,sphere,0.1,5,0.0,3.9199999999999999
2.1.02.00075,best_est,sphere,0.1,5,0.0,3.9199999999999999
2.1.02.00076,best_est,sphere,0.1,5,0.0,3.9199999999999999
2.1.02.00077,best_est,sphere,0.1,5,0.0,3.9199999999999999
2.1.02.00078,best_est,sphere,0.1,5,0.0,3.9199999999999999
2.1.02.00079,best_est,sphere,0.1,5,0.0,3.9199999999999999
2.1.02.00080,best_est,sphere,0.1,5,0.0,3.9199999999999999
2.1.02.00081,best_est,sphere,0.1,5,0.0,3.9199999999999999
2.1.02.00082,best_est,sphere,0.1,5,0.0,3.9199999999999999
2.1.02.00083,best_est,sphere,0.1,5,0.0,3.9199999999999999
2.1.02.00084,best_est,sphere,0.1,5,0.0,3.9199999999999999
2.1.02.00085,best_est,sphere,0.1,5,0.0,3.9199999999999999
2.1.02.00086,best_est,sphere,0.1,5,0.0,3.9199999999999999
2.1.02.00087,best_est,sphere,0.1,5,0.0,3.9199999999999999
2.1.02.00088,best_est,sphere,0.1,5,0.0,3.9199999999999999
2.1.02.00089,best_est,sphere,0.1,5,0.0,3.9199999999999999
2.1.02.00090,best_est,sphere,0.1,5,0.0,3.9199999999999999
2.1.02.00091,best_est,sphere,0.1,5,0.0,3.9199999999999999
2.1.02.00092,best_est,sphere,0.1,5,0.0,3.9199999999999999
2.1.02.00093,best_est,sphere,0.1,5,0.0,3.9199999999999999
2.1.02.00094,best_est,sphere,0.1,5,0.0,3.9199999999999999
2.1.02.00095,best_est,sphere,0.1,5,0.0,3.9199999999999999
2.1.02.00096,best_est,sphere,0.1,5,0.0,3.9199999999999999
2.1.02.00097,best_est,sphere,0.1,5,0.0,3.9199999999999999
2.1.02.00098,best_est,sphere,0.1,5,0.0,3.9199999999999999
2.1.02.00099,best_est,sphere,0.1,5,0.0,3.9199999999999999
2.1.02.00100,best_est,sphere,0.1,5,0.0,3.9199999999999999
1.1.03.00001,future_est,sphere,0.2,5,0.0,3.9199999999999999
1.1.03.00002,future_est,sphere,0.2,5,0.0,3.9199999999999999
1.1.03.00003,future_est,sphere,0.2,5,0.0,3.9199999999999999
1.1.03.00004,future_est,sphere,0.2,5,0.0,3.9199999999999999
1.1.03.00005,future_est,sphere,0.2,5,0.0,3.9199999999999999
1.1.03.00006,future_est,sphere,0.2,5,0.0,3.9199999999999999
1.1.03.00007,future_est,sphere,0.2,5,0.0,3.9199999999999999
1.1.03.00008,future_est,sphere,0.2,5,0.0,3.9199999999999999
1.1.03.00009,future_est,sphere,0.2,5,0.0,3.9199999999999999
1.1.03.00010,future_est,sphere,0.2,5,0.0,3.9199999999999999
1.1.03.00011,future_est,sphere,0.2,5,0.0,3.9199999999999999
1.1.03.00012,future_est,sphere,0.2,5,0.0,3.9199999999999999
1.1.03.00013,future_est,sphere,0.2,5,0.0,3.9199999999999999
1.1.03.00014,future_est,sphere,0.2,5,0.0,3.9199999999999999
1.1.03.00015,future_est,sphere,0.2,5,0.0,3.9199999999999999
1.1.03.00016,future_est,sphere,0.2,5,0.0,3.9199999999999999
1.1.03.00017,future_est,sphere,0.2,5,0.0,3.9199999999999999
1.1.03.00018,future_est,sphere,0.2,5,0.0,3.9199999999999999
1.1.03.00019,future_est,sphere,0.2,5,0.0,3.9199999999999999
1.1.03.00020,future_est,sphere,0.2,5,0.0,3.9199999999999999
1.1.03.00021,future_est,sphere,0.2,5,0.0,3.9199999999999999
1.1.03.00022,future_est,sphere,0.2,5,0.0,3.9199999999999999
1.1.03.00023,future_est,sphere,0.2,5,0.0,3.9199999999999999
1.1.03.00024,future_est,sphere,0.2,5,0.0,3.9199999999999999
1.1.03.00025,future_est,sphere,0.2,5,0.0,3.9199999999999999
1.1.03.00026,future_est,sphere,0.2,5,0.0,3.9199999999999999
1.1.03.00027,future_est,sphere,0.2,5,0.0,3.9199999999999999
1.1.03.00028,future_est,sphere,0.2,5,0.0,3.9199999999999999
1.1.03.00029,future_est,sphere,0.2,5,0.0,3.9199999999999999
1.1.03.00030,future_est,sphere,0.2,5,0.0,3.9199999999999999
1.1.03.00031,future_est,sphere,0.2,5,0.0,3.9199999999999999
1.1.03.00032,future_est,sphere,0.2,5,0.0,3.9199999999999999
1.1.03.00033,future_est,sphere,0.2,5,0.0,3.9199999999999999
1.1.03.00034,future_est,sphere,0.2,5,0.0,3.9199999999999999
1.1.03.00035,future_est,sphere,0.2,5,0.0,3.9199999999999999
1.1.03.00036,future_est,sphere,0.2,5,0.0,3.9199999999999999
1.1.03.00037,future_est,sphere,0.2,5,0.0,3.9199999999999999
1.1.03.00038,future_est,sphere,0.2,5,0.0,3.9199999999999999
1.1.03.00039,future_est,sphere,0.2,5,0.0,3.9199999999999999
1.1.03.00040,future_est,sphere,0.2,5,0.0,3.9199999999999999
1.1.03.00041,future_est,sphere,0.2,5,0.0,3.9199999999999999
1.1.03.00042,future_est,sphere,0.2,5,0.0,3.9199999999999999
1.1.03.00043,future_est,sphere,0.2,5,0.0,3.9199999999999999
1.1.03.00044,future_est,sphere,0.2,5,0.0,3.9199999999999999
1.1.03.00045,future_est,sphere,0.2,5,0.0,3.9199999999999999
1.1.03.00046,future_est,sphere,0.2,5,0.0,3.9199999999999999
1.1.03.00047,future_est,sphere,0.2,5,0.0,3.9199999999999999
1.1.03.00048,future_est,sphere,0.2,5,0.0,3.9199999999999999
1.1.03.00049,future_est,sphere,0.2,5,0.0,3.9199999999999999
1.1.03.00050,future_est,sphere,0.2,5,0.0,3.9199999999999999
1.1.03.00051,future_est,sphere,0.2,5,0.0,3.9199999999999999
1.1.03.00052,future_est,sphere,0.2,5,0.0,3.9199999999999999
1.1.03.00053,future_est,sphere,0.2,5,0.0,3.9199999999999999
1.1.03.00054,future_est,sphere,0.2,5,0.0,3.9199999999999999
1.1.03.00055,future_est,sphere,0.2,5,0.0,3.9199999999999999
1.1.03.00056,future_est,sphere,0.2,5,0.0,3.9199999999999999
1.1.03.00057,future_est,sphere,0.2,5,0.0,3.9199999999999999
1.1.03.00058,future_est,sphere,0.2,5,0.0,3.9199999999999999
1.1.03.00059,future_est,sphere,0.2,5,0.0,3.9199999999999999
1.1.03.00060,future_est,sphere,0.2,5,0.0,3.9199999999999999
1.1.03.00061,future_est,sphere,0.2,5,0.0,3.9199999999999999
1.1.03.00062,future_est,sphere,0.2,5,0.0,3.9199999999999999
1.1.03.00063,future_est,sphere,0.2,5,0.0,3.9199999999999999
1.1.03.00064,future_est,sphere,0.2,5,0.0,3.9199999999999999
1.1.03.00065,future_est,sphere,0.2,5,0.0,3.9199999999999999
1.1.03.00066,future_est,sphere,0.2,5,0.0,3.9199999999999999
1.1.03.00067,future_est,sphere,0.2,5,0.0,3.9199999999999999
1.1.03.00068,future_est,sphere,0.2,5,0.0,3.9199999999999999
1.1.03.00069,future_est,sphere,0.2,5,0.0,3.9199999999999999
1.1.03.00070,future_est,sphere,0.2,5,0.0,3.9199999999999999
1.1.03.00071,future_est,sphere,0.2,5,0.0,3.9199999999999999
1.1.03.00072,future_est,sphere,0.2,5,0.0,3.9199999999999999
1.1.03.00073,future_est,sphere,0.2,5,0.0,3.9199999999999999
1.1.03.00074,future_est,sphere,0.2,5,0.0,3.9199999999999999
1.1.03.00075,future_est,sphere,0.2,5,0.0,3.9199999999999999
1.1.03.00076,future_est,sphere,0.2,5,0.0,3.9199999999999999
1.1.03.00077,future_est,sphere,0.2,5,0.0,3.9199999999999999
1.1.03.00078,future_est,sphere,0.2,5,0.0,3.9199999999999999
1.1.03.00079,future_est,sphere,0.2,5,0.0,3.9199999999999999
1.1.03.00080,future_est,sphere,0.2,5,0.0,3.9199999999999999
1.1.03.00081,future_est,sphere,0.2,5,0.0,3.9199999999999999
1.1.03.00082,future_est,sphere,0.2,5,0.0,3.9199999999999999
1.1.03.00083,future_est,sphere,0.2,5,0.0,3.9199999999999999
1.1.03.00084,future_est,sphere,0.2,5,0.0,3.9199999999999999
1.1.03.00085,future_est,sphere,0.2,5,0.0,3.9199999999999999
1.1.03.00086,future_est,sphere,0.2,5,0.0,3.9199999999999999
1.1.03.00087,future_est,sphere,0.2,5,0.0,3.9199999999999999
1.1.03.00088,future_est,sphere,0.2,5,0.0,3.9199999999999999
1.1.03.00089,future_est,sphere,0.2,5,0.0,3.9199999999999999
1.1.03.00090,future_est,sphere,0.2,5,0.0,3.9199999999999999
1.1.03.00091,future_est,sphere,0.2,5,0.0,3.9199999999999999
1.1.03.00092,future_est,sphere,0.2,5,0.0,3.9199999999999999
1.1.03.00093,future_est,sphere,0.2,5,0.0,3.9199999999999999
1.1.03.00094,future_est,sphere,0.2,5,0.0,3.9199999999999999
1.1.03.00095,future_est,sphere,0.2,5,0.0,3.9199999999999999
1.1.03.00096,future_est,sphere,0.2,5,0.0,3.9199999999999999
1.1.03.00097,future_est,sphere,0.2,5,0.0,3.9199999999999999
1.1.03.00098,future_est,sphere,0.2,5,0.0,3.9199999999999999
1.1.03.00099,future_est,sphere,0.2,5,0.0,3.9199999999999999
1.1.03.00100,future_est,sphere,0.2,5,0.0,3.9199999999999999
2.1.03.00001,best_est,sphere,0.2,5,0.0,3.9199999999999999
2.1.03.00002,best_est,sphere,0.2,5,0.0,3.9199999999999999
2.1.03.00003,best_est,sphere,0.2,5,0.0,3.9199999999999999
2.1.03.00004,best_est,sphere,0.2,5,0.0,3.9199999999999999
2.1.03.00005,best_est,sphere,0.2,5,0.0,3.9199999999999999
2.1.03.00006,best_est,sphere,0.2,5,0.0,3.9199999999999999
2.1.03.00007,best_est,sphere,0.2,5,0.0,3.9199999999999999
2.1.03.00008,best_est,sphere,0.2,5,0.0,3.9199999999999999
2.1.03.00009,best_est,sphere,0.2,5,0.0,3.9199999999999999
2.1.03.00010,best_est,sphere,0.2,5,0.0,3.9199999999999999
2.1.03.00011,best_est,sphere,0.2,5,0.0,3.9199999999999999
2.1.03.00012,best_est,sphere,0.2,5,0.0,3.9199999999999999
2.1.03.00013,best_est,sphere,0.2,5,0.0,3.9199999999999999
2.1.03.00014,best_est,sphere,0.2,5,0.0,3.9199999999999999
2.1.03.00015,best_est,sphere,0.2,5,0.0,3.9199999999999999
2.1.03.00016,best_est,sphere,0.2,5,0.0,3.9199999999999999
2.1.03.00017,best_est,sphere,0.2,5,0.0,3.9199999999999999
2.1.03.00018,best_est,sphere,0.2,5,0.0,3.9199999999999999
2.1.03.00019,best_est,sphere,0.2,5,0.0,3.9199999999999999
2.1.03.00020,best_est,sphere,0.2,5,0.0,3.9199999999999999
2.1.03.00021,best_est,sphere,0.2,5,0.0,3.9199999999999999
2.1.03.00022,best_est,sphere,0.2,5,0.0,3.9199999999999999
2.1.03.00023,best_est,sphere,0.2,5,0.0,3.9199999999999999
2.1.03.00024,best_est,sphere,0.2,5,0.0,3.9199999999999999
2.1.03.00025,best_est,sphere,0.2,5,0.0,3.9199999999999999
2.1.03.00026,best_est,sphere,0.2,5,0.0,3.9199999999999999
2.1.03.00027,best_est,sphere,0.2,5,0.0,3.9199999999999999
2.1.03.00028,best_est,sphere,0.2,5,0.0,3.9199999999999999
2.1.03.00029,best_est,sphere,0.2,5,0.0,3.9199999999999999
2.1.03.00030,best_est,sphere,0.2,5,0.0,3.9199999999999999
2.1.03.00031,best_est,sphere,0.2,5,0.0,3.9199999999999999
2.1.03.00032,best_est,sphere,0.2,5,0.0,3.9199999999999999
2.1.03.00033,best_est,sphere,0.2,5,0.0,3.9199999999999999
2.1.03.00034,best_est,sphere,0.2,5,0.0,3.9199999999999999
2.1.03.00035,best_est,sphere,0.2,5,0.0,3.9199999999999999
2.1.03.00036,best_est,sphere,0.2,5,0.0,3.9199999999999999
2.1.03.00037,best_est,sphere,0.2,5,0.0,3.9199999999999999
2.1.03.00038,best_est,sphere,0.2,5,0.0,3.9199999999999999
2.1.03.00039,best_est,sphere,0.2,5,0.0,3.9199999999999999
2.1.03.00040,best_est,sphere,0.2,5,0.0,3.9199999999999999
2.1.03.00041,best_est,sphere,0.2,5,0.0,3.9199999999999999
2.1.03.00042,best_est,sphere,0.2,5,0.0,3.9199999999999999
2.1.03.00043,best_est,sphere,0.2,5,0.0,3.9199999999999999
2.1.03.00044,best_est,sphere,0.2,5,0.0,3.9199999999999999
2.1.03.00045,best_est,sphere,0.2,5,0.0,3.9199999999999999
2.1.03.00046,best_est,sphere,0.2,5,0.0,3.9199999999999999
2.1.03.00047,best_est,sphere,0.2,5,0.0,3.9199999999999999
2.1.03.00048,best_est,sphere,0.2,5,0.0,3.9199999999999999
2.1.03.00049,best_est,sphere,0.2,5,0.0,3.9199999999999999
2.1.03.00050,best_est,sphere,0.2,5,0.0,3.9199999999999999
2.1.03.00051,best_est,sphere,0.2,5,0.0,3.9199999999999999
2.1.03.00052,best_est,sphere,0.2,5,0.0,3.9199999999999999
2.1.03.00053,best_est,sphere,0.2,5,0.0,3.9199999999999999
2.1.03.00054,best_est,sphere,0.2,5,0.0,3.9199999999999999
2.1.03.00055,best_est,sphere,0.2,5,0.0,3.9199999999999999
2.1.03.00056,best_est,sphere,0.2,5,0.0,3.9199999999999999
2.1.03.00057,best_est,sphere,0.2,5,0.0,3.9199999999999999
2.1.03.00058,best_est,sphere,0.2,5,0.0,3.9199999999999999
2.1.03.00059,best_est,sphere,0.2,5,0.0,3.9199999999999999
2.1.03.00060,best_est,sphere,0.2,5,0.0,3.9199999999999999
2.1.03.00061,best_est,sphere,0.2,5,0.0,3.9199999999999999
2.1.03.00062,best_est,sphere,0.2,5,0.0,3.9199999999999999
2.1.03.00063,best_est,sphere,0.2,5,0.0,3.9199999999999999
2.1.03.00064,best_est,sphere,0.2,5,0.0,3.9199999999999999
2.1.03.00065,best_est,sphere,0.2,5,0.0,3.9199999999999999
2.1.03.00066,best_est,sphere,0.2,5,0.0,3.9199999999999999
2.1.03.00067,best_est,sphere,0.2,5,0.0,3.9199999999999999
2.1.03.00068,best_est,sphere,0.2,5,0.0,3.9199999999999999
2.1.03.00069,best_est,sphere,0.2,5,0.0,3.9199999999999999
2.1.03.00070,best_est,sphere,0.2,5,0.0,3.9199999999999999
2.1.03.00071,best_est,sphere,0.2,5,0.0,3.9199999999999999
2.1.03.00072,best_est,sphere,0.2,5,0.0,3.9199999999999999
2.1.03.00073,best_est,sphere,0.2,5,0.0,3.9199999999999999
2.1.03.00074,best_est,sphere,0.2,5,0.0,3.9199999999999999
2.1.03.00075,best_est,sphere,0.2,5,0.0,3.9199999999999999
2.1.03.00076,best_est,sphere,0.2,5,0.0,3.9199999999999999
2.1.03.00077,best_est,sphere,0.2,5,0.0,3.9199999999999999
2.1.03.00078,best_est,sphere,0.2,5,0.0,3.9199999999999999
2.1.03.00079,best_est,sphere,0.2,5,0.0,3.9199999999999999
2.1.03.00080,best_est,sphere,0.2,5,0.0,3.9199999999999999
2.1.03.00081,best_est,sphere,0.2,5,0.0,3.9199999999999999
2.1.03.00082,best_est,sphere,0.2,5,0.0,3.9199999999999999
2.1.03.00083,best_est,sphere,0.2,5,0.0,3.9199999999999999
2.1.03.00084,best_est,sphere,0.2,5,0.0,3.9199999999999999
2.1.03.00085,best_est,sphere,0.2,5,0.0,3.9199999999999999
2.1.03.00086,best_est,sphere,0.2,5,0.0,3.9199999999999999
2.1.03.00087,best_est,sphere,0.2,5,0.0,3.9199999999999999
2.1.03.00088,best_est,sphere,0.2,5,0.0,3.9199999999999999
2.1.03.00089,best_est,sphere,0.2,5,0.0,3.9199999999999999
2.1.03.00090,best_est,sphere,0.2,5,0.0,3.9199999999999999
2.1.03.00091,best_est,sphere,0.2,5,0.0,3.9199999999999999
2.1.03.00092,best_est,sphere,0.2,5,0.0,3.9199999999999999
2.1.03.00093,best_est,sphere,0.2,5,0.0,3.9199999999999999
2.1.03.00094,best_est,sphere,0.2,5,0.0,3.9199999999999999
2.1.03.00095,best_est,sphere,0.2,5,0.0,3.9199999999999999
2.1.03.00096,best_est,sphere,0.2,5,0.0,3.9199999999999999
2.1.03.00097,best_est,sphere,0.2,5,0.0,3.9199999999999999
2.1.03.00098,best_est,sphere,0.2,5,0.0,3.9199999999999999
2.1.03.00099,best_est,sphere,0.2,5,0.0,3.9199999999999999
2.1.03.00100,best_est,sphere,0.2,5,0.0,3.9199999999999999
1.1.04.00001,future_est,sphere,0.3,5,0.0,3.9199999999999999
1.1.04.00002,future_est,sphere,0.3,5,0.0,3.9199999999999999
1.1.04.00003,future_est,sphere,0.3,5,0.0,3.9199999999999999
1.1.04.00004,future_est,sphere,0.3,5,0.0,3.9199999999999999
1.1.04.00005,future_est,sphere,0.3,5,0.0,3.9199999999999999
1.1.04.00006,future_est,sphere,0.3,5,0.0,3.9199999999999999
1.1.04.00007,future_est,sphere,0.3,5,0.0,3.9199999999999999
1.1.04.00008,future_est,sphere,0.3,5,0.0,3.9199999999999999
1.1.04.00009,future_est,sphere,0.3,5,0.0,3.9199999999999999
1.1.04.00010,future_est,sphere,0.3,5,0.0,3.9199999999999999
1.1.04.00011,future_est,sphere,0.3,5,0.0,3.9199999999999999
1.1.04.00012,future_est,sphere,0.3,5,0.0,3.9199999999999999
1.1.04.00013,future_est,sphere,0.3,5,0.0,3.9199999999999999
1.1.04.00014,future_est,sphere,0.3,5,0.0,3.9199999999999999
1.1.04.00015,future_est,sphere,0.3,5,0.0,3.9199999999999999
1.1.04.00016,future_est,sphere,0.3,5,0.0,3.9199999999999999
1.1.04.00017,future_est,sphere,0.3,5,0.0,3.9199999999999999
1.1.04.00018,future_est,sphere,0.3,5,0.0,3.9199999999999999
1.1.04.00019,future_est,sphere,0.3,5,0.0,3.9199999999999999
1.1.04.00020,future_est,sphere,0.3,5,0.0,3.9199999999999999
1.1.04.00021,future_est,sphere,0.3,5,0.0,3.9199999999999999
1.1.04.00022,future_est,sphere,0.3,5,0.0,3.9199999999999999
1.1.04.00023,future_est,sphere,0.3,5,0.0,3.9199999999999999
1.1.04.00024,future_est,sphere,0.3,5,0.0,3.9199999999999999
1.1.04.00025,future_est,sphere,0.3,5,0.0,3.9199999999999999
1.1.04.00026,future_est,sphere,0.3,5,0.0,3.9199999999999999
1.1.04.00027,future_est,sphere,0.3,5,0.0,3.9199999999999999
1.1.04.00028,future_est,sphere,0.3,5,0.0,3.9199999999999999
1.1.04.00029,future_est,sphere,0.3,5,0.0,3.9199999999999999
1.1.04.00030,future_est,sphere,0.3,5,0.0,3.9199999999999999
1.1.04.00031,future_est,sphere,0.3,5,0.0,3.9199999999999999
1.1.04.00032,future_est,sphere,0.3,5,0.0,3.9199999999999999
1.1.04.00033,future_est,sphere,0.3,5,0.0,3.9199999999999999
1.1.04.00034,future_est,sphere,0.3,5,0.0,3.9199999999999999
1.1.04.00035,future_est,sphere,0.3,5,0.0,3.9199999999999999
1.1.04.00036,future_est,sphere,0.3,5,0.0,3.9199999999999999
1.1.04.00037,future_est,sphere,0.3,5,0.0,3.9199999999999999
1.1.04.00038,future_est,sphere,0.3,5,0.0,3.9199999999999999
1.1.04.00039,future_est,sphere,0.3,5,0.0,3.9199999999999999
1.1.04.00040,future_est,sphere,0.3,5,0.0,3.9199999999999999
1.1.04.00041,future_est,sphere,0.3,5,0.0,3.9199999999999999
1.1.04.00042,future_est,sphere,0.3,5,0.0,3.9199999999999999
1.1.04.00043,future_est,sphere,0.3,5,0.0,3.9199999999999999
1.1.04.00044,future_est,sphere,0.3,5,0.0,3.9199999999999999
1.1.04.00045,future_est,sphere,0.3,5,0.0,3.9199999999999999
1.1.04.00046,future_est,sphere,0.3,5,0.0,3.9199999999999999
1.1.04.00047,future_est,sphere,0.3,5,0.0,3.9199999999999999
1.1.04.00048,future_est,sphere,0.3,5,0.0,3.9199999999999999
1.1.04.00049,future_est,sphere,0.3,5,0.0,3.9199999999999999
1.1.04.00050,future_est,sphere,0.3,5,0.0,3.9199999999999999
1.1.04.00051,future_est,sphere,0.3,5,0.0,3.9199999999999999
1.1.04.00052,future_est,sphere,0.3,5,0.0,3.9199999999999999
1.1.04.00053,future_est,sphere,0.3,5,0.0,3.9199999999999999
1.1.04.00054,future_est,sphere,0.3,5,0.0,3.9199999999999999
1.1.04.00055,future_est,sphere,0.3,5,0.0,3.9199999999999999
1.1.04.00056,future_est,sphere,0.3,5,0.0,3.9199999999999999
1.1.04.00057,future_est,sphere,0.3,5,0.0,3.9199999999999999
1.1.04.00058,future_est,sphere,0.3,5,0.0,3.9199999999999999
1.1.04.00059,future_est,sphere,0.3,5,0.0,3.9199999999999999
1.1.04.00060,future_est,sphere,0.3,5,0.0,3.9199999999999999
1.1.04.00061,future_est,sphere,0.3,5,0.0,3.9199999999999999
1.1.04.00062,future_est,sphere,0.3,5,0.0,3.9199999999999999
1.1.04.00063,future_est,sphere,0.3,5,0.0,3.9199999999999999
1.1.04.00064,future_est,sphere,0.3,5,0.0,3.9199999999999999
1.1.04.00065,future_est,sphere,0.3,5,0.0,3.9199999999999999
1.1.04.00066,future_est,sphere,0.3,5,0.0,3.9199999999999999
1.1.04.00067,future_est,sphere,0.3,5,0.0,3.9199999999999999
1.1.04.00068,future_est,sphere,0.3,5,0.0,3.9199999999999999
1.1.04.00069,future_est,sphere,0.3,5,0.0,3.9199999999999999
1.1.04.00070,future_est,sphere,0.3,5,0.0,3.9199999999999999
1.1.04.00071,future_est,sphere,0.3,5,0.0,3.9199999999999999
1.1.04.00072,future_est,sphere,0.3,5,0.0,3.9199999999999999
1.1.04.00073,future_est,sphere,0.3,5,0.0,3.9199999999999999
1.1.04.00074,future_est,sphere,0.3,5,0.0,3.9199999999999999
1.1.04.00075,future_est,sphere,0.3,5,0.0,3.9199999999999999
1.1.04.00076,future_est,sphere,0.3,5,0.0,3.9199999999999999
1.1.04.00077,future_est,sphere,0.3,5,0.0,3.9199999999999999
1.1.04.00078,future_est,sphere,0.3,5,0.0,3.9199999999999999
1.1.04.00079,future_est,sphere,0.3,5,0.0,3.9199999999999999
1.1.04.00080,future_est,sphere,0.3,5,0.0,3.9199999999999999
1.1.04.00081,future_est,sphere,0.3,5,0.0,3.9199999999999999
1.1.04.00082,future_est,sphere,0.3,5,0.0,3.9199999999999999
1.1.04.00083,future_est,sphere,0.3,5,0.0,3.9199999999999999
1.1.04.00084,future_est,sphere,0.3,5,0.0,3.9199999999999999
1.1.04.00085,future_est,sphere,0.3,5,0.0,3.9199999999999999
1.1.04.00086,future_est,sphere,0.3,5,0.0,3.9199999999999999
1.1.04.00087,future_est,sphere,0.3,5,0.0,3.9199999999999999
1.1.04.00088,future_est,sphere,0.3,5,0.0,3.9199999999999999
1.1.04.00089,future_est,sphere,0.3,5,0.0,3.9199999999999999
1.1.04.00090,future_est,sphere,0.3,5,0.0,3.9199999999999999
1.1.04.00091,future_est,sphere,0.3,5,0.0,3.9199999999999999
1.1.04.00092,future_est,sphere,0.3,5,0.0,3.9199999999999999
1.1.04.00093,future_est,sphere,0.3,5,0.0,3.9199999999999999
1.1.04.00094,future_est,sphere,0.3,5,0.0,3.9199999999999999
1.1.04.00095,future_est,sphere,0.3,5,0.0,3.9199999999999999
1.1.04.00096,future_est,sphere,0.3,5,0.0,3.9199999999999999
1.1.04.00097,future_est,sphere,0.3,5,0.0,3.9199999999999999
1.1.04.00098,future_est,sphere,0.3,5,0.0,3.9199999999999999
1.1.04.00099,future_est,sphere,0.3,5,0.0,3.9199999999999999
1.1.04.00100,future_est,sphere,0.3,5,0.0,3.9199999999999999
2.1.04.00001,best_est,sphere,0.3,5,0.0,3.9199999999999999
2.1.04.00002,best_est,sphere,0.3,5,0.0,3.9199999999999999
2.1.04.00003,best_est,sphere,0.3,5,0.0,3.9199999999999999
2.1.04.00004,best_est,sphere,0.3,5,0.0,3.9199999999999999
2.1.04.00005,best_est,sphere,0.3,5,0.0,3.9199999999999999
2.1.04.00006,best_est,sphere,0.3,5,0.0,3.9199999999999999
2.1.04.00007,best_est,sphere,0.3,5,0.0,3.9199999999999999
2.1.04.00008,best_est,sphere,0.3,5,0.0,3.9199999999999999
2.1.04.00009,best_est,sphere,0.3,5,0.0,3.9199999999999999
2.1.04.00010,best_est,sphere,0.3,5,0.0,3.9199999999999999
2.1.04.00011,best_est,sphere,0.3,5,0.0,3.9199999999999999
2.1.04.00012,best_est,sphere,0.3,5,0.0,3.9199999999999999
2.1.04.00013,best_est,sphere,0.3,5,0.0,3.9199999999999999
2.1.04.00014,best_est,sphere,0.3,5,0.0,3.9199999999999999
2.1.04.00015,best_est,sphere,0.3,5,0.0,3.9199999999999999
2.1.04.00016,best_est,sphere,0.3,5,0.0,3.9199999999999999
2.1.04.00017,best_est,sphere,0.3,5,0.0,3.9199999999999999
2.1.04.00018,best_est,sphere,0.3,5,0.0,3.9199999999999999
2.1.04.00019,best_est,sphere,0.3,5,0.0,3.9199999999999999
2.1.04.00020,best_est,sphere,0.3,5,0.0,3.9199999999999999
2.1.04.00021,best_est,sphere,0.3,5,0.0,3.9199999999999999
2.1.04.00022,best_est,sphere,0.3,5,0.0,3.9199999999999999
2.1.04.00023,best_est,sphere,0.3,5,0.0,3.9199999999999999
2.1.04.00024,best_est,sphere,0.3,5,0.0,3.9199999999999999
2.1.04.00025,best_est,sphere,0.3,5,0.0,3.9199999999999999
2.1.04.00026,best_est,sphere,0.3,5,0.0,3.9199999999999999
2.1.04.00027,best_est,sphere,0.3,5,0.0,3.9199999999999999
2.1.04.00028,best_est,sphere,0.3,5,0.0,3.9199999999999999
2.1.04.00029,best_est,sphere,0.3,5,0.0,3.9199999999999999
2.1.04.00030,best_est,sphere,0.3,5,0.0,3.9199999999999999
2.1.04.00031,best_est,sphere,0.3,5,0.0,3.9199999999999999
2.1.04.00032,best_est,sphere,0.3,5,0.0,3.9199999999999999
2.1.04.00033,best_est,sphere,0.3,5,0.0,3.9199999999999999
2.1.04.00034,best_est,sphere,0.3,5,0.0,3.9199999999999999
2.1.04.00035,best_est,sphere,0.3,5,0.0,3.9199999999999999
2.1.04.00036,best_est,sphere,0.3,5,0.0,3.9199999999999999
2.1.04.00037,best_est,sphere,0.3,5,0.0,3.9199999999999999
2.1.04.00038,best_est,sphere,0.3,5,0.0,3.9199999999999999
2.1.04.00039,best_est,sphere,0.3,5,0.0,3.9199999999999999
2.1.04.00040,best_est,sphere,0.3,5,0.0,3.9199999999999999
2.1.04.00041,best_est,sphere,0.3,5,0.0,3.9199999999999999
2.1.04.00042,best_est,sphere,0.3,5,0.0,3.9199999999999999
2.1.04.00043,best_est,sphere,0.3,5,0.0,3.9199999999999999
2.1.04.00044,best_est,sphere,0.3,5,0.0,3.9199999999999999
2.1.04.00045,best_est,sphere,0.3,5,0.0,3.9199999999999999
2.1.04.00046,best_est,sphere,0.3,5,0.0,3.9199999999999999
2.1.04.00047,best_est,sphere,0.3,5,0.0,3.9199999999999999
2.1.04.00048,best_est,sphere,0.3,5,0.0,3.9199999999999999
2.1.04.00049,best_est,sphere,0.3,5,0.0,3.9199999999999999
2.1.04.00050,best_est,sphere,0.3,5,0.0,3.9199999999999999
2.1.04.00051,best_est,sphere,0.3,5,0.0,3.9199999999999999
2.1.04.00052,best_est,sphere,0.3,5,0.0,3.9199999999999999
2.1.04.00053,best_est,sphere,0.3,5,0.0,3.9199999999999999
2.1.04.00054,best_est,sphere,0.3,5,0.0,3.9199999999999999
2.1.04.00055,best_est,sphere,0.3,5,0.0,3.9199999999999999
2.1.04.00056,best_est,sphere,0.3,5,0.0,3.9199999999999999
2.1.04.00057,best_est,sphere,0.3,5,0.0,3.9199999999999999
2.1.04.00058,best_est,sphere,0.3,5,0.0,3.9199999999999999
2.1.04.00059,best_est,sphere,0.3,5,0.0,3.9199999999999999
2.1.04.00060,best_est,sphere,0.3,5,0.0,3.9199999999999999
2.1.04.00061,best_est,sphere,0.3,5,0.0,3.9199999999999999
2.1.04.00062,best_est,sphere,0.3,5,0.0,3.9199999999999999
2.1.04.00063,best_est,sphere,0.3,5,0.0,3.9199999999999999
2.1.04.00064,best_est,sphere,0.3,5,0.0,3.9199999999999999
2.1.04.00065,best_est,sphere,0.3,5,0.0,3.9199999999999999
2.1.04.00066,best_est,sphere,0.3,5,0.0,3.9199999999999999
2.1.04.00067,best_est,sphere,0.3,5,0.0,3.9199999999999999
2.1.04.00068,best_est,sphere,0.3,5,0.0,3.9199999999999999
2.1.04.00069,best_est,sphere,0.3,5,0.0,3.9199999999999999
2.1.04.00070,best_est,sphere,0.3,5,0.0,3.9199999999999999
2.1.04.00071,best_est,sphere,0.3,5,0.0,3.9199999999999999
2.1.04.00072,best_est,sphere,0.3,5,0.0,3.9199999999999999
2.1.04.00073,best_est,sphere,0.3,5,0.0,3.9199999999999999
2.1.04.00074,best_est,sphere,0.3,5,0.0,3.9199999999999999
2.1.04.00075,best_est,sphere,0.3,5,0.0,3.9199999999999999
2.1.04.00076,best_est,sphere,0.3,5,0.0,3.9199999999999999
2.1.04.00077,best_est,sphere,0.3,5,0.0,3.9199999999999999
2.1.04.00078,best_est,sphere,0.3,5,0.0,3.9199999999999999
2.1.04.00079,best_est,sphere,0.3,5,0.0,3.9199999999999999
2.1.04.00080,best_est,sphere,0.3,5,0.0,3.9199999999999999
2.1.04.00081,best_est,sphere,0.3,5,0.0,3.9199999999999999
2.1.04.00082,best_est,sphere,0.3,5,0.0,3.9199999999999999
2.1.04.00083,best_est,sphere,0.3,5,0.0,3.9199999999999999
2.1.04.00084,best_est,sphere,0.3,5,0.0,3.9199999999999999
2.1.04.00085,best_est,sphere,0.3,5,0.0,3.9199999999999999
2.1.04.00086,best_est,sphere,0.3,5,0.0,3.9199999999999999
2.1.04.00087,best_est,sphere,0.3,5,0.0,3.9199999999999999
2.1.04.00088,best_est,sphere,0.3,5,0.0,3.9199999999999999
2.1.04.00089,best_est,sphere,0.3,5,0.0,3.9199999999999999
2.1.04.00090,best_est,sphere,0.3,5,0.0,3.9199999999999999
2.1.04.00091,best_est,sphere,0.3,5,0.0,3.9199999999999999
2.1.04.00092,best_est,sphere,0.3,5,0.0,3.9199999999999999
2.1.04.00093,best_est,sphere,0.3,5,0.0,3.9199999999999999
2.1.04.00094,best_est,sphere,0.3,5,0.0,3.9199999999999999
2.1.04.00095,best_est,sphere,0.3,5,0.0,3.9199999999999999
2.1.04.00096,best_est,sphere,0.3,5,0.0,3.9199999999999999
2.1.04.00097,best_est,sphere,0.3,5,0.0,3.9199999999999999
2.1.04.00098,best_est,sphere,0.3,5,0.0,3.9199999999999999
2.1.04.00099,best_est,sphere,0.3,5,0.0,3.9199999999999999
2.1.04.00100,best_est,sphere,0.3,5,0.0,3.9199999999999999
1.1.05.00001,future_est,sphere,0.4,5,0.0,3.9199999999999999
1.1.05.00002,future_est,sphere,0.4,5,0.0,3.9199999999999999
1.1.05.00003,future_est,sphere,0.4,5,0.0,3.9199999999999999
1.1.05.00004,future_est,sphere,0.4,5,0.0,3.9199999999999999
1.1.05.00005,future_est,sphere,0.4,5,0.0,3.9199999999999999
1.1.05.00006,future_est,sphere,0.4,5,0.0,3.9199999999999999
1.1.05.00007,future_est,sphere,0.4,5,0.0,3.9199999999999999
1.1.05.00008,future_est,sphere,0.4,5,0.0,3.9199999999999999
1.1.05.00009,future_est,sphere,0.4,5,0.0,3.9199999999999999
1.1.05.00010,future_est,sphere,0.4,5,0.0,3.9199999999999999
1.1.05.00011,future_est,sphere,0.4,5,0.0,3.9199999999999999
1.1.05.00012,future_est,sphere,0.4,5,0.0,3.9199999999999999
1.1.05.00013,future_est,sphere,0.4,5,0.0,3.9199999999999999
1.1.05.00014,future_est,sphere,0.4,5,0.0,3.9199999999999999
1.1.05.00015,future_est,sphere,0.4,5,0.0,3.9199999999999999
1.1.05.00016,future_est,sphere,0.4,5,0.0,3.9199999999999999
1.1.05.00017,future_est,sphere,0.4,5,0.0,3.9199999999999999
1.1.05.00018,future_est,sphere,0.4,5,0.0,3.9199999999999999
1.1.05.00019,future_est,sphere,0.4,5,0.0,3.9199999999999999
1.1.05.00020,future_est,sphere,0.4,5,0.0,3.9199999999999999
1.1.05.00021,future_est,sphere,0.4,5,0.0,3.9199999999999999
1.1.05.00022,future_est,sphere,0.4,5,0.0,3.9199999999999999
1.1.05.00023,future_est,sphere,0.4,5,0.0,3.9199999999999999
1.1.05.00024,future_est,sphere,0.4,5,0.0,3.9199999999999999
1.1.05.00025,future_est,sphere,0.4,5,0.0,3.9199999999999999
1.1.05.00026,future_est,sphere,0.4,5,0.0,3.9199999999999999
1.1.05.00027,future_est,sphere,0.4,5,0.0,3.9199999999999999
1.1.05.00028,future_est,sphere,0.4,5,0.0,3.9199999999999999
1.1.05.00029,future_est,sphere,0.4,5,0.0,3.9199999999999999
1.1.05.00030,future_est,sphere,0.4,5,0.0,3.9199999999999999
1.1.05.00031,future_est,sphere,0.4,5,0.0,3.9199999999999999
1.1.05.00032,future_est,sphere,0.4,5,0.0,3.9199999999999999
1.1.05.00033,future_est,sphere,0.4,5,0.0,3.9199999999999999
1.1.05.00034,future_est,sphere,0.4,5,0.0,3.9199999999999999
1.1.05.00035,future_est,sphere,0.4,5,0.0,3.9199999999999999
1.1.05.00036,future_est,sphere,0.4,5,0.0,3.9199999999999999
1.1.05.00037,future_est,sphere,0.4,5,0.0,3.9199999999999999
1.1.05.00038,future_est,sphere,0.4,5,0.0,3.9199999999999999
1.1.05.00039,future_est,sphere,0.4,5,0.0,3.9199999999999999
1.1.05.00040,future_est,sphere,0.4,5,0.0,3.9199999999999999
1.1.05.00041,future_est,sphere,0.4,5,0.0,3.9199999999999999
1.1.05.00042,future_est,sphere,0.4,5,0.0,3.9199999999999999
1.1.05.00043,future_est,sphere,0.4,5,0.0,3.9199999999999999
1.1.05.00044,future_est,sphere,0.4,5,0.0,3.9199999999999999
1.1.05.00045,future_est,sphere,0.4,5,0.0,3.9199999999999999
1.1.05.00046,future_est,sphere,0.4,5,0.0,3.9199999999999999
1.1.05.00047,future_est,sphere,0.4,5,0.0,3.9199999999999999
1.1.05.00048,future_est,sphere,0.4,5,0.0,3.9199999999999999
1.1.05.00049,future_est,sphere,0.4,5,0.0,3.9199999999999999
1.1.05.00050,future_est,sphere,0.4,5,0.0,3.9199999999999999
1.1.05.00051,future_est,sphere,0.4,5,0.0,3.9199999999999999
1.1.05.00052,future_est,sphere,0.4,5,0.0,3.9199999999999999
1.1.05.00053,future_est,sphere,0.4,5,0.0,3.9199999999999999
1.1.05.00054,future_est,sphere,0.4,5,0.0,3.9199999999999999
1.1.05.00055,future_est,sphere,0.4,5,0.0,3.9199999999999999
1.1.05.00056,future_est,sphere,0.4,5,0.0,3.9199999999999999
1.1.05.00057,future_est,sphere,0.4,5,0.0,3.9199999999999999
1.1.05.00058,future_est,sphere,0.4,5,0.0,3.9199999999999999
1.1.05.00059,future_est,sphere,0.4,5,0.0,3.9199999999999999
1.1.05.00060,future_est,sphere,0.4,5,0.0,3.9199999999999999
1.1.05.00061,future_est,sphere,0.4,5,0.0,3.9199999999999999
1.1.05.00062,future_est,sphere,0.4,5,0.0,3.9199999999999999
1.1.05.00063,future_est,sphere,0.4,5,0.0,3.9199999999999999
1.1.05.00064,future_est,sphere,0.4,5,0.0,3.9199999999999999
1.1.05.00065,future_est,sphere,0.4,5,0.0,3.9199999999999999
1.1.05.00066,future_est,sphere,0.4,5,0.0,3.9199999999999999
1.1.05.00067,future_est,sphere,0.4,5,0.0,3.9199999999999999
1.1.05.00068,future_est,sphere,0.4,5,0.0,3.9199999999999999
1.1.05.00069,future_est,sphere,0.4,5,0.0,3.9199999999999999
1.1.05.00070,future_est,sphere,0.4,5,0.0,3.9199999999999999
1.1.05.00071,future_est,sphere,0.4,5,0.0,3.9199999999999999
1.1.05.00072,future_est,sphere,0.4,5,0.0,3.9199999999999999
1.1.05.00073,future_est,sphere,0.4,5,0.0,3.9199999999999999
1.1.05.00074,future_est,sphere,0.4,5,0.0,3.9199999999999999
1.1.05.00075,future_est,sphere,0.4,5,0.0,3.9199999999999999
1.1.05.00076,future_est,sphere,0.4,5,0.0,3.9199999999999999
1.1.05.00077,future_est,sphere,0.4,5,0.0,3.9199999999999999
1.1.05.00078,future_est,sphere,0.4,5,0.0,3.9199999999999999
1.1.05.00079,future_est,sphere,0.4,5,0.0,3.9199999999999999
1.1.05.00080,future_est,sphere,0.4,5,0.0,3.9199999999999999
1.1.05.00081,future_est,sphere,0.4,5,0.0,3.9199999999999999
1.1.05.00082,future_est,sphere,0.4,5,0.0,3.9199999999999999
1.1.05.00083,future_est,sphere,0.4,5,0.0,3.9199999999999999
1.1.05.00084,future_est,sphere,0.4,5,0.0,3.9199999999999999
1.1.05.00085,future_est,sphere,0.4,5,0.0,3.9199999999999999
1.1.05.00086,future_est,sphere,0.4,5,0.0,3.9199999999999999
1.1.05.00087,future_est,sphere,0.4,5,0.0,3.9199999999999999
1.1.05.00088,future_est,sphere,0.4,5,0.0,3.9199999999999999
1.1.05.00089,future_est,sphere,0.4,5,0.0,3.9199999999999999
1.1.05.00090,future_est,sphere,0.4,5,0.0,3.9199999999999999
1.1.05.00091,future_est,sphere,0.4,5,0.0,3.9199999999999999
1.1.05.00092,future_est,sphere,0.4,5,0.0,3.9199999999999999
1.1.05.00093,future_est,sphere,0.4,5,0.0,3.9199999999999999
1.1.05.00094,future_est,sphere,0.4,5,0.0,3.9199999999999999
1.1.05.00095,future_est,sphere,0.4,5,0.0,3.9199999999999999
1.1.05.00096,future_est,sphere,0.4,5,0.0,3.9199999999999999
1.1.05.00097,future_est,sphere,0.4,5,0.0,3.9199999999999999
1.1.05.00098,future_est,sphere,0.4,5,0.0,3.9199999999999999
1.1.05.00099,future_est,sphere,0.4,5,0.0,3.9199999999999999
1.1.05.00100,future_est,sphere,0.4,5,0.0,3.9199999999999999
2.1.05.00001,best_est,sphere,0.4,5,0.0,3.9199999999999999
2.1.05.00002,best_est,sphere,0.4,5,0.0,3.9199999999999999
2.1.05.00003,best_est,sphere,0.4,5,0.0,3.9199999999999999
2.1.05.00004,best_est,sphere,0.4,5,0.0,3.9199999999999999
2.1.05.00005,best_est,sphere,0.4,5,0.0,3.9199999999999999
2.1.05.00006,best_est,sphere,0.4,5,0.0,3.9199999999999999
2.1.05.00007,best_est,sphere,0.4,5,0.0,3.9199999999999999
2.1.05.00008,best_est,sphere,0.4,5,0.0,3.9199999999999999
2.1.05.00009,best_est,sphere,0.4,5,0.0,3.9199999999999999
2.1.05.00010,best_est,sphere,0.4,5,0.0,3.9199999999999999
2.1.05.00011,best_est,sphere,0.4,5,0.0,3.9199999999999999
2.1.05.00012,best_est,sphere,0.4,5,0.0,3.9199999999999999
2.1.05.00013,best_est,sphere,0.4,5,0.0,3.9199999999999999
2.1.05.00014,best_est,sphere,0.4,5,0.0,3.9199999999999999
2.1.05.00015,best_est,sphere,0.4,5,0.0,3.9199999999999999
2.1.05.00016,best_est,sphere,0.4,5,0.0,3.9199999999999999
2.1.05.00017,best_est,sphere,0.4,5,0.0,3.9199999999999999
2.1.05.00018,best_est,sphere,0.4,5,0.0,3.9199999999999999
2.1.05.00019,best_est,sphere,0.4,5,0.0,3.9199999999999999
2.1.05.00020,best_est,sphere,0.4,5,0.0,3.9199999999999999
2.1.05.00021,best_est,sphere,0.4,5,0.0,3.9199999999999999
2.1.05.00022,best_est,sphere,0.4,5,0.0,3.9199999999999999
2.1.05.00023,best_est,sphere,0.4,5,0.0,3.9199999999999999
2.1.05.00024,best_est,sphere,0.4,5,0.0,3.9199999999999999
2.1.05.00025,best_est,sphere,0.4,5,0.0,3.9199999999999999
2.1.05.00026,best_est,sphere,0.4,5,0.0,3.9199999999999999
2.1.05.00027,best_est,sphere,0.4,5,0.0,3.9199999999999999
2.1.05.00028,best_est,sphere,0.4,5,0.0,3.9199999999999999
2.1.05.00029,best_est,sphere,0.4,5,0.0,3.9199999999999999
2.1.05.00030,best_est,sphere,0.4,5,0.0,3.9199999999999999
2.1.05.00031,best_est,sphere,0.4,5,0.0,3.9199999999999999
2.1.05.00032,best_est,sphere,0.4,5,0.0,3.9199999999999999
2.1.05.00033,best_est,sphere,0.4,5,0.0,3.9199999999999999
2.1.05.00034,best_est,sphere,0.4,5,0.0,3.9199999999999999
2.1.05.00035,best_est,sphere,0.4,5,0.0,3.9199999999999999
2.1.05.00036,best_est,sphere,0.4,5,0.0,3.9199999999999999
2.1.05.00037,best_est,sphere,0.4,5,0.0,3.9199999999999999
2.1.05.00038,best_est,sphere,0.4,5,0.0,3.9199999999999999
2.1.05.00039,best_est,sphere,0.4,5,0.0,3.9199999999999999
2.1.05.00040,best_est,sphere,0.4,5,0.0,3.9199999999999999
2.1.05.00041,best_est,sphere,0.4,5,0.0,3.9199999999999999
2.1.05.00042,best_est,sphere,0.4,5,0.0,3.9199999999999999
2.1.05.00043,best_est,sphere,0.4,5,0.0,3.9199999999999999
2.1.05.00044,best_est,sphere,0.4,5,0.0,3.9199999999999999
2.1.05.00045,best_est,sphere,0.4,5,0.0,3.9199999999999999
2.1.05.00046,best_est,sphere,0.4,5,0.0,3.9199999999999999
2.1.05.00047,best_est,sphere,0.4,5,0.0,3.9199999999999999
2.1.05.00048,best_est,sphere,0.4,5,0.0,3.9199999999999999
2.1.05.00049,best_est,sphere,0.4,5,0.0,3.9199999999999999
2.1.05.00050,best_est,sphere,0.4,5,0.0,3.9199999999999999
2.1.05.00051,best_est,sphere,0.4,5,0.0,3.9199999999999999
2.1.05.00052,best_est,sphere,0.4,5,0.0,3.9199999999999999
2.1.05.00053,best_est,sphere,0.4,5,0.0,3.9199999999999999
2.1.05.00054,best_est,sphere,0.4,5,0.0,3.9199999999999999
2.1.05.00055,best_est,sphere,0.4,5,0.0,3.9199999999999999
2.1.05.00056,best_est,sphere,0.4,5,0.0,3.9199999999999999
2.1.05.00057,best_est,sphere,0.4,5,0.0,3.9199999999999999
2.1.05.00058,best_est,sphere,0.4,5,0.0,3.9199999999999999
2.1.05.00059,best_est,sphere,0.4,5,0.0,3.9199999999999999
2.1.05.00060,best_est,sphere,0.4,5,0.0,3.9199999999999999
2.1.05.00061,best_est,sphere,0.4,5,0.0,3.9199999999999999
2.1.05.00062,best_est,sphere,0.4,5,0.0,3.9199999999999999
2.1.05.00063,best_est,sphere,0.4,5,0.0,3.9199999999999999
2.1.05.00064,best_est,sphere,0.4,5,0.0,3.9199999999999999
2.1.05.00065,best_est,sphere,0.4,5,0.0,3.9199999999999999
2.1.05.00066,best_est,sphere,0.4,5,0.0,3.9199999999999999
2.1.05.00067,best_est,sphere,0.4,5,0.0,3.9199999999999999
2.1.05.00068,best_est,sphere,0.4,5,0.0,3.9199999999999999
2.1.05.00069,best_est,sphere,0.4,5,0.0,3.9199999999999999
2.1.05.00070,best_est,sphere,0.4,5,0.0,3.9199999999999999
2.1.05.00071,best_est,sphere,0.4,5,0.0,3.9199999999999999
2.1.05.00072,best_est,sphere,0.4,5,0.0,3.9199999999999999
2.1.05.00073,best_est,sphere,0.4,5,0.0,3.9199999999999999
2.1.05.00074,best_est,sphere,0.4,5,0.0,3.9199999999999999
2.1.05.00075,best_est,sphere,0.4,5,0.0,3.9199999999999999
2.1.05.00076,best_est,sphere,0.4,5,0.0,3.9199999999999999
2.1.05.00077,best_est,sphere,0.4,5,0.0,3.9199999999999999
2.1.05.00078,best_est,sphere,0.4,5,0.0,3.9199999999999999
2.1.05.00079,best_est,sphere,0.4,5,0.0,3.9199999999999999
2.1.05.00080,best_est,sphere,0.4,5,0.0,3.9199999999999999
2.1.05.00081,best_est,sphere,0.4,5,0.0,3.9199999999999999
2.1.05.00082,best_est,sphere,0.4,5,0.0,3.9199999999999999
2.1.05.00083,best_est,sphere,0.4,5,0.0,3.9199999999999999
2.1.05.00084,best_est,sphere,0.4,5,0.0,3.9199999999999999
2.1.05.00085,best_est,sphere,0.4,5,0.0,3.9199999999999999
2.1.05.00086,best_est,sphere,0.4,5,0.0,3.9199999999999999
2.1.05.00087,best_est,sphere,0.4,5,0.0,3.9199999999999999
2.1.05.00088,best_est,sphere,0.4,5,0.0,3.9199999999999999
2.1.05.00089,best_est,sphere,0.4,5,0.0,3.9199999999999999
2.1.05.00090,best_est,sphere,0.4,5,0.0,3.9199999999999999
2.1.05.00091,best_est,sphere,0.4,5,0.0,3.9199999999999999
2.1.05.00092,best_est,sphere,0.4,5,0.0,3.9199999999999999
2.1.05.00093,best_est,sphere,0.4,5,0.0,3.9199999999999999
2.1.05.00094,best_est,sphere,0.4,5,0.0,3.9199999999999999
2.1.05.00095,best_est,sphere,0.4,5,0.0,3.9199999999999999
2.1.05.00096,best_est,sphere,0.4,5,0.0,3.9199999999999999
2.1.05.00097,best_est,sphere,0.4,5,0.0,3.9199999999999999
2.1.05.00098,best_est,sphere,0.4,5,0.0,3.9199999999999999
2.1.05.00099,best_est,sphere,0.4,5,0.0,3.9199999999999999
2.1.05.00100,best_est,sphere,0.4,5,0.0,3.9199999999999999
1.1.06.00001,future_est,sphere,0.5,5,0.0,3.9199999999999999
1.1.06.00002,future_est,sphere,0.5,5,0.0,3.9199999999999999
1.1.06.00003,future_est,sphere,0.5,5,0.0,3.9199999999999999
1.1.06.00004,future_est,sphere,0.5,5,0.0,3.9199999999999999
1.1.06.00005,future_est,sphere,0.5,5,0.0,3.9199999999999999
1.1.06.00006,future_est,sphere,0.5,5,0.0,3.9199999999999999
1.1.06.00007,future_est,sphere,0.5,5,0.0,3.9199999999999999
1.1.06.00008,future_est,sphere,0.5,5,0.0,3.9199999999999999
1.1.06.00009,future_est,sphere,0.5,5,0.0,3.9199999999999999
1.1.06.00010,future_est,sphere,0.5,5,0.0,3.9199999999999999
1.1.06.00011,future_est,sphere,0.5,5,0.0,3.9199999999999999
1.1.06.00012,future_est,sphere,0.5,5,0.0,3.9199999999999999
1.1.06.00013,future_est,sphere,0.5,5,0.0,3.9199999999999999
1.1.06.00014,future_est,sphere,0.5,5,0.0,3.9199999999999999
1.1.06.00015,future_est,sphere,0.5,5,0.0,3.9199999999999999
1.1.06.00016,future_est,sphere,0.5,5,0.0,3.9199999999999999
1.1.06.00017,future_est,sphere,0.5,5,0.0,3.9199999999999999
1.1.06.00018,future_est,sphere,0.5,5,0.0,3.9199999999999999
1.1.06.00019,future_est,sphere,0.5,5,0.0,3.9199999999999999
1.1.06.00020,future_est,sphere,0.5,5,0.0,3.9199999999999999
1.1.06.00021,future_est,sphere,0.5,5,0.0,3.9199999999999999
1.1.06.00022,future_est,sphere,0.5,5,0.0,3.9199999999999999
1.1.06.00023,future_est,sphere,0.5,5,0.0,3.9199999999999999
1.1.06.00024,future_est,sphere,0.5,5,0.0,3.9199999999999999
1.1.06.00025,future_est,sphere,0.5,5,0.0,3.9199999999999999
1.1.06.00026,future_est,sphere,0.5,5,0.0,3.9199999999999999
1.1.06.00027,future_est,sphere,0.5,5,0.0,3.9199999999999999
1.1.06.00028,future_est,sphere,0.5,5,0.0,3.9199999999999999
1.1.06.00029,future_est,sphere,0.5,5,0.0,3.9199999999999999
1.1.06.00030,future_est,sphere,0.5,5,0.0,3.9199999999999999
1.1.06.00031,future_est,sphere,0.5,5,0.0,3.9199999999999999
1.1.06.00032,future_est,sphere,0.5,5,0.0,3.9199999999999999
1.1.06.00033,future_est,sphere,0.5,5,0.0,3.9199999999999999
1.1.06.00034,future_est,sphere,0.5,5,0.0,3.9199999999999999
1.1.06.00035,future_est,sphere,0.5,5,0.0,3.9199999999999999
1.1.06.00036,future_est,sphere,0.5,5,0.0,3.9199999999999999
1.1.06.00037,future_est,sphere,0.5,5,0.0,3.9199999999999999
1.1.06.00038,future_est,sphere,0.5,5,0.0,3.9199999999999999
1.1.06.00039,future_est,sphere,0.5,5,0.0,3.9199999999999999
1.1.06.00040,future_est,sphere,0.5,5,0.0,3.9199999999999999
1.1.06.00041,future_est,sphere,0.5,5,0.0,3.9199999999999999
1.1.06.00042,future_est,sphere,0.5,5,0.0,3.9199999999999999
1.1.06.00043,future_est,sphere,0.5,5,0.0,3.9199999999999999
1.1.06.00044,future_est,sphere,0.5,5,0.0,3.9199999999999999
1.1.06.00045,future_est,sphere,0.5,5,0.0,3.9199999999999999
1.1.06.00046,future_est,sphere,0.5,5,0.0,3.9199999999999999
1.1.06.00047,future_est,sphere,0.5,5,0.0,3.9199999999999999
1.1.06.00048,future_est,sphere,0.5,5,0.0,3.9199999999999999
1.1.06.00049,future_est,sphere,0.5,5,0.0,3.9199999999999999
1.1.06.00050,future_est,sphere,0.5,5,0.0,3.9199999999999999
1.1.06.00051,future_est,sphere,0.5,5,0.0,3.9199999999999999
1.1.06.00052,future_est,sphere,0.5,5,0.0,3.9199999999999999
1.1.06.00053,future_est,sphere,0.5,5,0.0,3.9199999999999999
1.1.06.00054,future_est,sphere,0.5,5,0.0,3.9199999999999999
1.1.06.00055,future_est,sphere,0.5,5,0.0,3.9199999999999999
1.1.06.00056,future_est,sphere,0.5,5,0.0,3.9199999999999999
1.1.06.00057,future_est,sphere,0.5,5,0.0,3.9199999999999999
1.1.06.00058,future_est,sphere,0.5,5,0.0,3.9199999999999999
1.1.06.00059,future_est,sphere,0.5,5,0.0,3.9199999999999999
1.1.06.00060,future_est,sphere,0.5,5,0.0,3.9199999999999999
1.1.06.00061,future_est,sphere,0.5,5,0.0,3.9199999999999999
1.1.06.00062,future_est,sphere,0.5,5,0.0,3.9199999999999999
1.1.06.00063,future_est,sphere,0.5,5,0.0,3.9199999999999999
1.1.06.00064,future_est,sphere,0.5,5,0.0,3.9199999999999999
1.1.06.00065,future_est,sphere,0.5,5,0.0,3.9199999999999999
1.1.06.00066,future_est,sphere,0.5,5,0.0,3.9199999999999999
1.1.06.00067,future_est,sphere,0.5,5,0.0,3.9199999999999999
1.1.06.00068,future_est,sphere,0.5,5,0.0,3.9199999999999999
1.1.06.00069,future_est,sphere,0.5,5,0.0,3.9199999999999999
1.1.06.00070,future_est,sphere,0.5,5,0.0,3.9199999999999999
1.1.06.00071,future_est,sphere,0.5,5,0.0,3.9199999999999999
1.1.06.00072,future_est,sphere,0.5,5,0.0,3.9199999999999999
1.1.06.00073,future_est,sphere,0.5,5,0.0,3.9199999999999999
1.1.06.00074,future_est,sphere,0.5,5,0.0,3.9199999999999999
1.1.06.00075,future_est,sphere,0.5,5,0.0,3.9199999999999999
1.1.06.00076,future_est,sphere,0.5,5,0.0,3.9199999999999999
1.1.06.00077,future_est,sphere,0.5,5,0.0,3.9199999999999999
1.1.06.00078,future_est,sphere,0.5,5,0.0,3.9199999999999999
1.1.06.00079,future_est,sphere,0.5,5,0.0,3.9199999999999999
1.1.06.00080,future_est,sphere,0.5,5,0.0,3.9199999999999999
1.1.06.00081,future_est,sphere,0.5,5,0.0,3.9199999999999999
1.1.06.00082,future_est,sphere,0.5,5,0.0,3.9199999999999999
1.1.06.00083,future_est,sphere,0.5,5,0.0,3.9199999999999999
1.1.06.00084,future_est,sphere,0.5,5,0.0,3.9199999999999999
1.1.06.00085,future_est,sphere,0.5,5,0.0,3.9199999999999999
1.1.06.00086,future_est,sphere,0.5,5,0.0,3.9199999999999999
1.1.06.00087,future_est,sphere,0.5,5,0.0,3.9199999999999999
1.1.06.00088,future_est,sphere,0.5,5,0.0,3.9199999999999999
1.1.06.00089,future_est,sphere,0.5,5,0.0,3.9199999999999999
1.1.06.00090,future_est,sphere,0.5,5,0.0,3.9199999999999999
1.1.06.00091,future_est,sphere,0.5,5,0.0,3.9199999999999999
1.1.06.00092,future_est,sphere,0.5,5,0.0,3.9199999999999999
1.1.06.00093,future_est,sphere,0.5,5,0.0,3.9199999999999999
1.1.06.00094,future_est,sphere,0.5,5,0.0,3.9199999999999999
1.1.06.00095,future_est,sphere,0.5,5,0.0,3.9199999999999999
1.1.06.00096,future_est,sphere,0.5,5,0.0,3.9199999999999999
1.1.06.00097,future_est,sphere,0.5,5,0.0,3.9199999999999999
1.1.06.00098,future_est,sphere,0.5,5,0.0,3.9199999999999999
1.1.06.00099,future_est,sphere,0.5,5,0.0,3.9199999999999999
1.1.06.00100,future_est,sphere,0.5,5,0.0,3.9199999999999999
2.1.06.00001,best_est,sphere,0.5,5,0.0,3.9199999999999999
2.1.06.00002,best_est,sphere,0.5,5,0.0,3.9199999999999999
2.1.06.00003,best_est,sphere,0.5,5,0.0,3.9199999999999999
2.1.06.00004,best_est,sphere,0.5,5,0.0,3.9199999999999999
2.1.06.00005,best_est,sphere,0.5,5,0.0,3.9199999999999999
2.1.06.00006,best_est,sphere,0.5,5,0.0,3.9199999999999999
2.1.06.00007,best_est,sphere,0.5,5,0.0,3.9199999999999999
2.1.06.00008,best_est,sphere,0.5,5,0.0,3.9199999999999999
2.1.06.00009,best_est,sphere,0.5,5,0.0,3.9199999999999999
2.1.06.00010,best_est,sphere,0.5,5,0.0,3.9199999999999999
2.1.06.00011,best_est,sphere,0.5,5,0.0,3.9199999999999999
2.1.06.00012,best_est,sphere,0.5,5,0.0,3.9199999999999999
2.1.06.00013,best_est,sphere,0.5,5,0.0,3.9199999999999999
2.1.06.00014,best_est,sphere,0.5,5,0.0,3.9199999999999999
2.1.06.00015,best_est,sphere,0.5,5,0.0,3.9199999999999999
2.1.06.00016,best_est,sphere,0.5,5,0.0,3.9199999999999999
2.1.06.00017,best_est,sphere,0.5,5,0.0,3.9199999999999999
2.1.06.00018,best_est,sphere,0.5,5,0.0,3.9199999999999999
2.1.06.00019,best_est,sphere,0.5,5,0.0,3.9199999999999999
2.1.06.00020,best_est,sphere,0.5,5,0.0,3.9199999999999999
2.1.06.00021,best_est,sphere,0.5,5,0.0,3.9199999999999999
2.1.06.00022,best_est,sphere,0.5,5,0.0,3.9199999999999999
2.1.06.00023,best_est,sphere,0.5,5,0.0,3.9199999999999999
2.1.06.00024,best_est,sphere,0.5,5,0.0,3.9199999999999999
2.1.06.00025,best_est,sphere,0.5,5,0.0,3.9199999999999999
2.1.06.00026,best_est,sphere,0.5,5,0.0,3.9199999999999999
2.1.06.00027,best_est,sphere,0.5,5,0.0,3.9199999999999999
2.1.06.00028,best_est,sphere,0.5,5,0.0,3.9199999999999999
2.1.06.00029,best_est,sphere,0.5,5,0.0,3.9199999999999999
2.1.06.00030,best_est,sphere,0.5,5,0.0,3.9199999999999999
2.1.06.00031,best_est,sphere,0.5,5,0.0,3.9199999999999999
2.1.06.00032,best_est,sphere,0.5,5,0.0,3.9199999999999999
2.1.06.00033,best_est,sphere,0.5,5,0.0,3.9199999999999999
2.1.06.00034,best_est,sphere,0.5,5,0.0,3.9199999999999999
2.1.06.00035,best_est,sphere,0.5,5,0.0,3.9199999999999999
2.1.06.00036,best_est,sphere,0.5,5,0.0,3.9199999999999999
2.1.06.00037,best_est,sphere,0.5,5,0.0,3.9199999999999999
2.1.06.00038,best_est,sphere,0.5,5,0.0,3.9199999999999999
2.1.06.00039,best_est,sphere,0.5,5,0.0,3.9199999999999999
2.1.06.00040,best_est,sphere,0.5,5,0.0,3.9199999999999999
2.1.06.00041,best_est,sphere,0.5,5,0.0,3.9199999999999999
2.1.06.00042,best_est,sphere,0.5,5,0.0,3.9199999999999999
2.1.06.00043,best_est,sphere,0.5,5,0.0,3.9199999999999999
2.1.06.00044,best_est,sphere,0.5,5,0.0,3.9199999999999999
2.1.06.00045,best_est,sphere,0.5,5,0.0,3.9199999999999999
2.1.06.00046,best_est,sphere,0.5,5,0.0,3.9199999999999999
2.1.06.00047,best_est,sphere,0.5,5,0.0,3.9199999999999999
2.1.06.00048,best_est,sphere,0.5,5,0.0,3.9199999999999999
2.1.06.00049,best_est,sphere,0.5,5,0.0,3.9199999999999999
2.1.06.00050,best_est,sphere,0.5,5,0.0,3.9199999999999999
2.1.06.00051,best_est,sphere,0.5,5,0.0,3.9199999999999999
2.1.06.00052,best_est,sphere,0.5,5,0.0,3.9199999999999999
2.1.06.00053,best_est,sphere,0.5,5,0.0,3.9199999999999999
2.1.06.00054,best_est,sphere,0.5,5,0.0,3.9199999999999999
2.1.06.00055,best_est,sphere,0.5,5,0.0,3.9199999999999999
2.1.06.00056,best_est,sphere,0.5,5,0.0,3.9199999999999999
2.1.06.00057,best_est,sphere,0.5,5,0.0,3.9199999999999999
2.1.06.00058,best_est,sphere,0.5,5,0.0,3.9199999999999999
2.1.06.00059,best_est,sphere,0.5,5,0.0,3.9199999999999999
2.1.06.00060,best_est,sphere,0.5,5,0.0,3.9199999999999999
2.1.06.00061,best_est,sphere,0.5,5,0.0,3.9199999999999999
2.1.06.00062,best_est,sphere,0.5,5,0.0,3.9199999999999999
2.1.06.00063,best_est,sphere,0.5,5,0.0,3.9199999999999999
2.1.06.00064,best_est,sphere,0.5,5,0.0,3.9199999999999999
2.1.06.00065,best_est,sphere,0.5,5,0.0,3.9199999999999999
2.1.06.00066,best_est,sphere,0.5,5,0.0,3.9199999999999999
2.1.06.00067,best_est,sphere,0.5,5,0.0,3.9199999999999999
2.1.06.00068,best_est,sphere,0.5,5,0.0,3.9199999999999999
2.1.06.00069,best_est,sphere,0.5,5,0.0,3.9199999999999999
2.1.06.00070,best_est,sphere,0.5,5,0.0,3.9199999999999999
2.1.06.00071,best_est,sphere,0.5,5,0.0,3.9199999999999999
2.1.06.00072,best_est,sphere,0.5,5,0.0,3.9199999999999999
2.1.06.00073,best_est,sphere,0.5,5,0.0,3.9199999999999999
2.1.06.00074,best_est,sphere,0.5,5,0.0,3.9199999999999999
2.1.06.00075,best_est,sphere,0.5,5,0.0,3.9199999999999999
2.1.06.00076,best_est,sphere,0.5,5,0.0,3.9199999999999999
2.1.06.00077,best_est,sphere,0.5,5,0.0,3.9199999999999999
2.1.06.00078,best_est,sphere,0.5,5,0.0,3.9199999999999999
2.1.06.00079,best_est,sphere,0.5,5,0.0,3.9199999999999999
2.1.06.00080,best_est,sphere,0.5,5,0.0,3.9199999999999999
2.1.06.00081,best_est,sphere,0.5,5,0.0,3.9199999999999999
2.1.06.00082,best_est,sphere,0.5,5,0.0,3.9199999999999999
2.1.06.00083,best_est,sphere,0.5,5,0.0,3.9199999999999999
2.1.06.00084,best_est,sphere,0.5,5,0.0,3.9199999999999999
2.1.06.00085,best_est,sphere,0.5,5,0.0,3.9199999999999999
2.1.06.00086,best_est,sphere,0.5,5,0.0,3.9199999999999999
2.1.06.00087,best_est,sphere,0.5,5,0.0,3.9199999999999999
2.1.06.00088,best_est,sphere,0.5,5,0.0,3.9199999999999999
2.1.06.00089,best_est,sphere,0.5,5,0.0,3.9199999999999999
2.1.06.00090,best_est,sphere,0.5,5,0.0,3.9199999999999999
2.1.06.00091,best_est,sphere,0.5,5,0.0,3.9199999999999999
2.1.06.00092,best_est,sphere,0.5,5,0.0,3.9199999999999999
2.1.06.00093,best_est,sphere,0.5,5,0.0,3.9199999999999999
2.1.06.00094,best_est,sphere,0.5,5,0.0,3.9199999999999999
2.1.06.00095,best_est,sphere,0.5,5,0.0,3.9199999999999999
2.1.06.00096,best_est,sphere,0.5,5,0.0,3.9199999999999999
2.1.06.00097,best_est,sphere,0.5,5,0.0,3.9199999999999999
2.1.06.00098,best_est,sphere,0.5,5,0.0,3.9199999999999999
2.1.06.00099,best_est,sphere,0.5,5,0.0,3.9199999999999999
2.1.06.00100,best_est,sphere,0.5,5,0.0,3.9199999999999999
1.1.07.00001,future_est,sphere,0.6,5,0.0,3.9199999999999999
1.1.07.00002,future_est,sphere,0.6,5,0.0,3.9199999999999999
1.1.07.00003,future_est,sphere,0.6,5,0.0,3.9199999999999999
1.1.07.00004,future_est,sphere,0.6,5,0.0,3.9199999999999999
1.1.07.00005,future_est,sphere,0.6,5,0.0,3.9199999999999999
1.1.07.00006,future_est,sphere,0.6,5,0.0,3.9199999999999999
1.1.07.00007,future_est,sphere,0.6,5,0.0,3.9199999999999999
1.1.07.00008,future_est,sphere,0.6,5,0.0,3.9199999999999999
1.1.07.00009,future_est,sphere,0.6,5,0.0,3.9199999999999999
1.1.07.00010,future_est,sphere,0.6,5,0.0,3.9199999999999999
1.1.07.00011,future_est,sphere,0.6,5,0.0,3.9199999999999999
1.1.07.00012,future_est,sphere,0.6,5,0.0,3.9199999999999999
1.1.07.00013,future_est,sphere,0.6,5,0.0,3.9199999999999999
1.1.07.00014,future_est,sphere,0.6,5,0.0,3.9199999999999999
1.1.07.00015,future_est,sphere,0.6,5,0.0,3.9199999999999999
1.1.07.00016,future_est,sphere,0.6,5,0.0,3.9199999999999999
1.1.07.00017,future_est,sphere,0.6,5,0.0,3.9199999999999999
1.1.07.00018,future_est,sphere,0.6,5,0.0,3.9199999999999999
1.1.07.00019,future_est,sphere,0.6,5,0.0,3.9199999999999999
1.1.07.00020,future_est,sphere,0.6,5,0.0,3.9199999999999999
1.1.07.00021,future_est,sphere,0.6,5,0.0,3.9199999999999999
1.1.07.00022,future_est,sphere,0.6,5,0.0,3.9199999999999999
1.1.07.00023,future_est,sphere,0.6,5,0.0,3.9199999999999999
1.1.07.00024,future_est,sphere,0.6,5,0.0,3.9199999999999999
1.1.07.00025,future_est,sphere,0.6,5,0.0,3.9199999999999999
1.1.07.00026,future_est,sphere,0.6,5,0.0,3.9199999999999999
1.1.07.00027,future_est,sphere,0.6,5,0.0,3.9199999999999999
1.1.07.00028,future_est,sphere,0.6,5,0.0,3.9199999999999999
1.1.07.00029,future_est,sphere,0.6,5,0.0,3.9199999999999999
1.1.07.00030,future_est,sphere,0.6,5,0.0,3.9199999999999999
1.1.07.00031,future_est,sphere,0.6,5,0.0,3.9199999999999999
1.1.07.00032,future_est,sphere,0.6,5,0.0,3.9199999999999999
1.1.07.00033,future_est,sphere,0.6,5,0.0,3.9199999999999999
1.1.07.00034,future_est,sphere,0.6,5,0.0,3.9199999999999999
1.1.07.00035,future_est,sphere,0.6,5,0.0,3.9199999999999999
1.1.07.00036,future_est,sphere,0.6,5,0.0,3.9199999999999999
1.1.07.00037,future_est,sphere,0.6,5,0.0,3.9199999999999999
1.1.07.00038,future_est,sphere,0.6,5,0.0,3.9199999999999999
1.1.07.00039,future_est,sphere,0.6,5,0.0,3.9199999999999999
1.1.07.00040,future_est,sphere,0.6,5,0.0,3.9199999999999999
1.1.07.00041,future_est,sphere,0.6,5,0.0,3.9199999999999999
1.1.07.00042,future_est,sphere,0.6,5,0.0,3.9199999999999999
1.1.07.00043,future_est,sphere,0.6,5,0.0,3.9199999999999999
1.1.07.00044,future_est,sphere,0.6,5,0.0,3.9199999999999999
1.1.07.00045,future_est,sphere,0.6,5,0.0,3.9199999999999999
1.1.07.00046,future_est,sphere,0.6,5,0.0,3.9199999999999999
1.1.07.00047,future_est,sphere,0.6,5,0.0,3.9199999999999999
1.1.07.00048,future_est,sphere,0.6,5,0.0,3.9199999999999999
1.1.07.00049,future_est,sphere,0.6,5,0.0,3.9199999999999999
1.1.07.00050,future_est,sphere,0.6,5,0.0,3.9199999999999999
1.1.07.00051,future_est,sphere,0.6,5,0.0,3.9199999999999999
1.1.07.00052,future_est,sphere,0.6,5,0.0,3.9199999999999999
1.1.07.00053,future_est,sphere,0.6,5,0.0,3.9199999999999999
1.1.07.00054,future_est,sphere,0.6,5,0.0,3.9199999999999999
1.1.07.00055,future_est,sphere,0.6,5,0.0,3.9199999999999999
1.1.07.00056,future_est,sphere,0.6,5,0.0,3.9199999999999999
1.1.07.00057,future_est,sphere,0.6,5,0.0,3.9199999999999999
1.1.07.00058,future_est,sphere,0.6,5,0.0,3.9199999999999999
1.1.07.00059,future_est,sphere,0.6,5,0.0,3.9199999999999999
1.1.07.00060,future_est,sphere,0.6,5,0.0,3.9199999999999999
1.1.07.00061,future_est,sphere,0.6,5,0.0,3.9199999999999999
1.1.07.00062,future_est,sphere,0.6,5,0.0,3.9199999999999999
1.1.07.00063,future_est,sphere,0.6,5,0.0,3.9199999999999999
1.1.07.00064,future_est,sphere,0.6,5,0.0,3.9199999999999999
1.1.07.00065,future_est,sphere,0.6,5,0.0,3.9199999999999999
1.1.07.00066,future_est,sphere,0.6,5,0.0,3.9199999999999999
1.1.07.00067,future_est,sphere,0.6,5,0.0,3.9199999999999999
1.1.07.00068,future_est,sphere,0.6,5,0.0,3.9199999999999999
1.1.07.00069,future_est,sphere,0.6,5,0.0,3.9199999999999999
1.1.07.00070,future_est,sphere,0.6,5,0.0,3.9199999999999999
1.1.07.00071,future_est,sphere,0.6,5,0.0,3.9199999999999999
1.1.07.00072,future_est,sphere,0.6,5,0.0,3.9199999999999999
1.1.07.00073,future_est,sphere,0.6,5,0.0,3.9199999999999999
1.1.07.00074,future_est,sphere,0.6,5,0.0,3.9199999999999999
1.1.07.00075,future_est,sphere,0.6,5,0.0,3.9199999999999999
1.1.07.00076,future_est,sphere,0.6,5,0.0,3.9199999999999999
1.1.07.00077,future_est,sphere,0.6,5,0.0,3.9199999999999999
1.1.07.00078,future_est,sphere,0.6,5,0.0,3.9199999999999999
1.1.07.00079,future_est,sphere,0.6,5,0.0,3.9199999999999999
1.1.07.00080,future_est,sphere,0.6,5,0.0,3.9199999999999999
1.1.07.00081,future_est,sphere,0.6,5,0.0,3.9199999999999999
1.1.07.00082,future_est,sphere,0.6,5,0.0,3.9199999999999999
1.1.07.00083,future_est,sphere,0.6,5,0.0,3.9199999999999999
1.1.07.00084,future_est,sphere,0.6,5,0.0,3.9199999999999999
1.1.07.00085,future_est,sphere,0.6,5,0.0,3.9199999999999999
1.1.07.00086,future_est,sphere,0.6,5,0.0,3.9199999999999999
1.1.07.00087,future_est,sphere,0.6,5,0.0,3.9199999999999999
1.1.07.00088,future_est,sphere,0.6,5,0.0,3.9199999999999999
1.1.07.00089,future_est,sphere,0.6,5,0.0,3.9199999999999999
1.1.07.00090,future_est,sphere,0.6,5,0.0,3.9199999999999999
1.1.07.00091,future_est,sphere,0.6,5,0.0,3.9199999999999999
1.1.07.00092,future_est,sphere,0.6,5,0.0,3.9199999999999999
1.1.07.00093,future_est,sphere,0.6,5,0.0,3.9199999999999999
1.1.07.00094,future_est,sphere,0.6,5,0.0,3.9199999999999999
1.1.07.00095,future_est,sphere,0.6,5,0.0,3.9199999999999999
1.1.07.00096,future_est,sphere,0.6,5,0.0,3.9199999999999999
1.1.07.00097,future_est,sphere,0.6,5,0.0,3.9199999999999999
1.1.07.00098,future_est,sphere,0.6,5,0.0,3.9199999999999999
1.1.07.00099,future_est,sphere,0.6,5,0.0,3.9199999999999999
1.1.07.00100,future_est,sphere,0.6,5,0.0,3.9199999999999999
2.1.07.00001,best_est,sphere,0.6,5,0.0,3.9199999999999999
2.1.07.00002,best_est,sphere,0.6,5,0.0,3.9199999999999999
2.1.07.00003,best_est,sphere,0.6,5,0.0,3.9199999999999999
2.1.07.00004,best_est,sphere,0.6,5,0.0,3.9199999999999999
2.1.07.00005,best_est,sphere,0.6,5,0.0,3.9199999999999999
2.1.07.00006,best_est,sphere,0.6,5,0.0,3.9199999999999999
2.1.07.00007,best_est,sphere,0.6,5,0.0,3.9199999999999999
2.1.07.00008,best_est,sphere,0.6,5,0.0,3.9199999999999999
2.1.07.00009,best_est,sphere,0.6,5,0.0,3.9199999999999999
2.1.07.00010,best_est,sphere,0.6,5,0.0,3.9199999999999999
2.1.07.00011,best_est,sphere,0.6,5,0.0,3.9199999999999999
2.1.07.00012,best_est,sphere,0.6,5,0.0,3.9199999999999999
2.1.07.00013,best_est,sphere,0.6,5,0.0,3.9199999999999999
2.1.07.00014,best_est,sphere,0.6,5,0.0,3.9199999999999999
2.1.07.00015,best_est,sphere,0.6,5,0.0,3.9199999999999999
2.1.07.00016,best_est,sphere,0.6,5,0.0,3.9199999999999999
2.1.07.00017,best_est,sphere,0.6,5,0.0,3.9199999999999999
2.1.07.00018,best_est,sphere,0.6,5,0.0,3.9199999999999999
2.1.07.00019,best_est,sphere,0.6,5,0.0,3.9199999999999999
2.1.07.00020,best_est,sphere,0.6,5,0.0,3.9199999999999999
2.1.07.00021,best_est,sphere,0.6,5,0.0,3.9199999999999999
2.1.07.00022,best_est,sphere,0.6,5,0.0,3.9199999999999999
2.1.07.00023,best_est,sphere,0.6,5,0.0,3.9199999999999999
2.1.07.00024,best_est,sphere,0.6,5,0.0,3.9199999999999999
2.1.07.00025,best_est,sphere,0.6,5,0.0,3.9199999999999999
2.1.07.00026,best_est,sphere,0.6,5,0.0,3.9199999999999999
2.1.07.00027,best_est,sphere,0.6,5,0.0,3.9199999999999999
2.1.07.00028,best_est,sphere,0.6,5,0.0,3.9199999999999999
2.1.07.00029,best_est,sphere,0.6,5,0.0,3.9199999999999999
2.1.07.00030,best_est,sphere,0.6,5,0.0,3.9199999999999999
2.1.07.00031,best_est,sphere,0.6,5,0.0,3.9199999999999999
2.1.07.00032,best_est,sphere,0.6,5,0.0,3.9199999999999999
2.1.07.00033,best_est,sphere,0.6,5,0.0,3.9199999999999999
2.1.07.00034,best_est,sphere,0.6,5,0.0,3.9199999999999999
2.1.07.00035,best_est,sphere,0.6,5,0.0,3.9199999999999999
2.1.07.00036,best_est,sphere,0.6,5,0.0,3.9199999999999999
2.1.07.00037,best_est,sphere,0.6,5,0.0,3.9199999999999999
2.1.07.00038,best_est,sphere,0.6,5,0.0,3.9199999999999999
2.1.07.00039,best_est,sphere,0.6,5,0.0,3.9199999999999999
2.1.07.00040,best_est,sphere,0.6,5,0.0,3.9199999999999999
2.1.07.00041,best_est,sphere,0.6,5,0.0,3.9199999999999999
2.1.07.00042,best_est,sphere,0.6,5,0.0,3.9199999999999999
2.1.07.00043,best_est,sphere,0.6,5,0.0,3.9199999999999999
2.1.07.00044,best_est,sphere,0.6,5,0.0,3.9199999999999999
2.1.07.00045,best_est,sphere,0.6,5,0.0,3.9199999999999999
2.1.07.00046,best_est,sphere,0.6,5,0.0,3.9199999999999999
2.1.07.00047,best_est,sphere,0.6,5,0.0,3.9199999999999999
2.1.07.00048,best_est,sphere,0.6,5,0.0,3.9199999999999999
2.1.07.00049,best_est,sphere,0.6,5,0.0,3.9199999999999999
2.1.07.00050,best_est,sphere,0.6,5,0.0,3.9199999999999999
2.1.07.00051,best_est,sphere,0.6,5,0.0,3.9199999999999999
2.1.07.00052,best_est,sphere,0.6,5,0.0,3.9199999999999999
2.1.07.00053,best_est,sphere,0.6,5,0.0,3.9199999999999999
2.1.07.00054,best_est,sphere,0.6,5,0.0,3.9199999999999999
2.1.07.00055,best_est,sphere,0.6,5,0.0,3.9199999999999999
2.1.07.00056,best_est,sphere,0.6,5,0.0,3.9199999999999999
2.1.07.00057,best_est,sphere,0.6,5,0.0,3.9199999999999999
2.1.07.00058,best_est,sphere,0.6,5,0.0,3.9199999999999999
2.1.07.00059,best_est,sphere,0.6,5,0.0,3.9199999999999999
2.1.07.00060,best_est,sphere,0.6,5,0.0,3.9199999999999999
2.1.07.00061,best_est,sphere,0.6,5,0.0,3.9199999999999999
2.1.07.00062,best_est,sphere,0.6,5,0.0,3.9199999999999999
2.1.07.00063,best_est,sphere,0.6,5,0.0,3.9199999999999999
2.1.07.00064,best_est,sphere,0.6,5,0.0,3.9199999999999999
2.1.07.00065,best_est,sphere,0.6,5,0.0,3.9199999999999999
2.1.07.00066,best_est,sphere,0.6,5,0.0,3.9199999999999999
2.1.07.00067,best_est,sphere,0.6,5,0.0,3.9199999999999999
2.1.07.00068,best_est,sphere,0.6,5,0.0,3.9199999999999999
2.1.07.00069,best_est,sphere,0.6,5,0.0,3.9199999999999999
2.1.07.00070,best_est,sphere,0.6,5,0.0,3.9199999999999999
2.1.07.00071,best_est,sphere,0.6,5,0.0,3.9199999999999999
2.1.07.00072,best_est,sphere,0.6,5,0.0,3.9199999999999999
2.1.07.00073,best_est,sphere,0.6,5,0.0,3.9199999999999999
2.1.07.00074,best_est,sphere,0.6,5,0.0,3.9199999999999999
2.1.07.00075,best_est,sphere,0.6,5,0.0,3.9199999999999999
2.1.07.00076,best_est,sphere,0.6,5,0.0,3.9199999999999999
2.1.07.00077,best_est,sphere,0.6,5,0.0,3.9199999999999999
2.1.07.00078,best_est,sphere,0.6,5,0.0,3.9199999999999999
2.1.07.00079,best_est,sphere,0.6,5,0.0,3.9199999999999999
2.1.07.00080,best_est,sphere,0.6,5,0.0,3.9199999999999999
2.1.07.00081,best_est,sphere,0.6,5,0.0,3.9199999999999999
2.1.07.00082,best_est,sphere,0.6,5,0.0,3.9199999999999999
2.1.07.00083,best_est,sphere,0.6,5,0.0,3.9199999999999999
2.1.07.00084,best_est,sphere,0.6,5,0.0,3.9199999999999999
2.1.07.00085,best_est,sphere,0.6,5,0.0,3.9199999999999999
2.1.07.00086,best_est,sphere,0.6,5,0.0,3.9199999999999999
2.1.07.00087,best_est,sphere,0.6,5,0.0,3.9199999999999999
2.1.07.00088,best_est,sphere,0.6,5,0.0,3.9199999999999999
2.1.07.00089,best_est,sphere,0.6,5,0.0,3.9199999999999999
2.1.07.00090,best_est,sphere,0.6,5,0.0,3.9199999999999999
2.1.07.00091,best_est,sphere,0.6,5,0.0,3.9199999999999999
2.1.07.00092,best_est,sphere,0.6,5,0.0,3.9199999999999999
2.1.07.00093,best_est,sphere,0.6,5,0.0,3.9199999999999999
2.1.07.00094,best_est,sphere,0.6,5,0.0,3.9199999999999999
2.1.07.00095,best_est,sphere,0.6,5,0.0,3.9199999999999999
2.1.07.00096,best_est,sphere,0.6,5,0.0,3.9199999999999999
2.1.07.00097,best_est,sphere,0.6,5,0.0,3.9199999999999999
2.1.07.00098,best_est,sphere,0.6,5,0.0,3.9199999999999999
2.1.07.00099,best_est,sphere,0.6,5,0.0,3.9199999999999999
2.1.07.00100,best_est,sphere,0.6,5,0.0,3.9199999999999999
1.1.08.00001,future_est,sphere,0.7,5,0.0,3.9199999999999999
1.1.08.00002,future_est,sphere,0.7,5,0.0,3.9199999999999999
1.1.08.00003,future_est,sphere,0.7,5,0.0,3.9199999999999999
1.1.08.00004,future_est,sphere,0.7,5,0.0,3.9199999999999999
1.1.08.00005,future_est,sphere,0.7,5,0.0,3.9199999999999999
1.1.08.00006,future_est,sphere,0.7,5,0.0,3.9199999999999999
1.1.08.00007,future_est,sphere,0.7,5,0.0,3.9199999999999999
1.1.08.00008,future_est,sphere,0.7,5,0.0,3.9199999999999999
1.1.08.00009,future_est,sphere,0.7,5,0.0,3.9199999999999999
1.1.08.00010,future_est,sphere,0.7,5,0.0,3.9199999999999999
1.1.08.00011,future_est,sphere,0.7,5,0.0,3.9199999999999999
1.1.08.00012,future_est,sphere,0.7,5,0.0,3.9199999999999999
1.1.08.00013,future_est,sphere,0.7,5,0.0,3.9199999999999999
1.1.08.00014,future_est,sphere,0.7,5,0.0,3.9199999999999999
1.1.08.00015,future_est,sphere,0.7,5,0.0,3.9199999999999999
1.1.08.00016,future_est,sphere,0.7,5,0.0,3.9199999999999999
1.1.08.00017,future_est,sphere,0.7,5,0.0,3.9199999999999999
1.1.08.00018,future_est,sphere,0.7,5,0.0,3.9199999999999999
1.1.08.00019,future_est,sphere,0.7,5,0.0,3.9199999999999999
1.1.08.00020,future_est,sphere,0.7,5,0.0,3.9199999999999999
1.1.08.00021,future_est,sphere,0.7,5,0.0,3.9199999999999999
1.1.08.00022,future_est,sphere,0.7,5,0.0,3.9199999999999999
1.1.08.00023,future_est,sphere,0.7,5,0.0,3.9199999999999999
1.1.08.00024,future_est,sphere,0.7,5,0.0,3.9199999999999999
1.1.08.00025,future_est,sphere,0.7,5,0.0,3.9199999999999999
1.1.08.00026,future_est,sphere,0.7,5,0.0,3.9199999999999999
1.1.08.00027,future_est,sphere,0.7,5,0.0,3.9199999999999999
1.1.08.00028,future_est,sphere,0.7,5,0.0,3.9199999999999999
1.1.08.00029,future_est,sphere,0.7,5,0.0,3.9199999999999999
1.1.08.00030,future_est,sphere,0.7,5,0.0,3.9199999999999999
1.1.08.00031,future_est,sphere,0.7,5,0.0,3.9199999999999999
1.1.08.00032,future_est,sphere,0.7,5,0.0,3.9199999999999999
1.1.08.00033,future_est,sphere,0.7,4,0.0,3.9199999999999999
1.1.08.00034,future_est,sphere,0.7,5,0.0,3.9199999999999999
1.1.08.00035,future_est,sphere,0.7,5,0.0,3.9199999999999999
1.1.08.00036,future_est,sphere,0.7,5,0.0,3.9199999999999999
1.1.08.00037,future_est,sphere,0.7,5,0.0,3.9199999999999999
1.1.08.00038,future_est,sphere,0.7,5,0.0,3.9199999999999999
1.1.08.00039,future_est,sphere,0.7,5,0.0,3.9199999999999999
1.1.08.00040,future_est,sphere,0.7,5,0.0,3.9199999999999999
1.1.08.00041,future_est,sphere,0.7,5,0.0,3.9199999999999999
1.1.08.00042,future_est,sphere,0.7,5,0.0,3.9199999999999999
1.1.08.00043,future_est,sphere,0.7,5,0.0,3.9199999999999999
1.1.08.00044,future_est,sphere,0.7,5,0.0,3.9199999999999999
1.1.08.00045,future_est,sphere,0.7,5,0.0,3.9199999999999999
1.1.08.00046,future_est,sphere,0.7,5,0.0,3.9199999999999999
1.1.08.00047,future_est,sphere,0.7,5,0.0,3.9199999999999999
1.1.08.00048,future_est,sphere,0.7,5,0.0,3.9199999999999999
1.1.08.00049,future_est,sphere,0.7,5,0.0,3.9199999999999999
1.1.08.00050,future_est,sphere,0.7,5,0.0,3.9199999999999999
1.1.08.00051,future_est,sphere,0.7,5,0.0,3.9199999999999999
1.1.08.00052,future_est,sphere,0.7,5,0.0,3.9199999999999999
1.1.08.00053,future_est,sphere,0.7,5,0.0,3.9199999999999999
1.1.08.00054,future_est,sphere,0.7,5,0.0,3.9199999999999999
1.1.08.00055,future_est,sphere,0.7,5,0.0,3.9199999999999999
1.1.08.00056,future_est,sphere,0.7,5,0.0,3.9199999999999999
1.1.08.00057,future_est,sphere,0.7,5,0.0,3.9199999999999999
1.1.08.00058,future_est,sphere,0.7,5,0.0,3.9199999999999999
1.1.08.00059,future_est,sphere,0.7,5,0.0,3.9199999999999999
1.1.08.00060,future_est,sphere,0.7,5,0.0,3.9199999999999999
1.1.08.00061,future_est,sphere,0.7,5,0.0,3.9199999999999999
1.1.08.00062,future_est,sphere,0.7,5,0.0,3.9199999999999999
1.1.08.00063,future_est,sphere,0.7,5,0.0,3.9199999999999999
1.1.08.00064,future_est,sphere,0.7,5,0.0,3.9199999999999999
1.1.08.00065,future_est,sphere,0.7,5,0.0,3.9199999999999999
1.1.08.00066,future_est,sphere,0.7,5,0.0,3.9199999999999999
1.1.08.00067,future_est,sphere,0.7,5,0.0,3.9199999999999999
1.1.08.00068,future_est,sphere,0.7,5,0.0,3.9199999999999999
1.1.08.00069,future_est,sphere,0.7,5,0.0,3.9199999999999999
1.1.08.00070,future_est,sphere,0.7,5,0.0,3.9199999999999999
1.1.08.00071,future_est,sphere,0.7,5,0.0,3.9199999999999999
1.1.08.00072,future_est,sphere,0.7,5,0.0,3.9199999999999999
1.1.08.00073,future_est,sphere,0.7,5,0.0,3.9199999999999999
1.1.08.00074,future_est,sphere,0.7,5,0.0,3.9199999999999999
1.1.08.00075,future_est,sphere,0.7,5,0.0,3.9199999999999999
1.1.08.00076,future_est,sphere,0.7,5,0.0,3.9199999999999999
1.1.08.00077,future_est,sphere,0.7,5,0.0,3.9199999999999999
1.1.08.00078,future_est,sphere,0.7,5,0.0,3.9199999999999999
1.1.08.00079,future_est,sphere,0.7,5,0.0,3.9199999999999999
1.1.08.00080,future_est,sphere,0.7,5,0.0,3.9199999999999999
1.1.08.00081,future_est,sphere,0.7,5,0.0,3.9199999999999999
1.1.08.00082,future_est,sphere,0.7,5,0.0,3.9199999999999999
1.1.08.00083,future_est,sphere,0.7,5,0.0,3.9199999999999999
1.1.08.00084,future_est,sphere,0.7,5,0.0,3.9199999999999999
1.1.08.00085,future_est,sphere,0.7,5,0.0,3.9199999999999999
1.1.08.00086,future_est,sphere,0.7,5,0.0,3.9199999999999999
1.1.08.00087,future_est,sphere,0.7,5,0.0,3.9199999999999999
1.1.08.00088,future_est,sphere,0.7,5,0.0,3.9199999999999999
1.1.08.00089,future_est,sphere,0.7,5,0.0,3.9199999999999999
1.1.08.00090,future_est,sphere,0.7,5,0.0,3.9199999999999999
1.1.08.00091,future_est,sphere,0.7,5,0.0,3.9199999999999999
1.1.08.00092,future_est,sphere,0.7,5,0.0,3.9199999999999999
1.1.08.00093,future_est,sphere,0.7,5,0.0,3.9199999999999999
1.1.08.00094,future_est,sphere,0.7,5,0.0,3.9199999999999999
1.1.08.00095,future_est,sphere,0.7,5,0.0,3.9199999999999999
1.1.08.00096,future_est,sphere,0.7,5,0.0,3.9199999999999999
1.1.08.00097,future_est,sphere,0.7,5,0.0,3.9199999999999999
1.1.08.00098,future_est,sphere,0.7,5,0.0,3.9199999999999999
1.1.08.00099,future_est,sphere,0.7,5,0.0,3.9199999999999999
1.1.08.00100,future_est,sphere,0.7,5,0.0,3.9199999999999999
2.1.08.00001,best_est,sphere,0.7,5,0.0,3.9199999999999999
2.1.08.00002,best_est,sphere,0.7,5,0.0,3.9199999999999999
2.1.08.00003,best_est,sphere,0.7,5,0.0,3.9199999999999999
2.1.08.00004,best_est,sphere,0.7,5,0.0,3.9199999999999999
2.1.08.00005,best_est,sphere,0.7,5,0.0,3.9199999999999999
2.1.08.00006,best_est,sphere,0.7,5,0.0,3.9199999999999999
2.1.08.00007,best_est,sphere,0.7,5,0.0,3.9199999999999999
2.1.08.00008,best_est,sphere,0.7,5,0.0,3.9199999999999999
2.1.08.00009,best_est,sphere,0.7,5,0.0,3.9199999999999999
2.1.08.00010,best_est,sphere,0.7,5,0.0,3.9199999999999999
2.1.08.00011,best_est,sphere,0.7,5,0.0,3.9199999999999999
2.1.08.00012,best_est,sphere,0.7,5,0.0,3.9199999999999999
2.1.08.00013,best_est,sphere,0.7,5,0.0,3.9199999999999999
2.1.08.00014,best_est,sphere,0.7,5,0.0,3.9199999999999999
2.1.08.00015,best_est,sphere,0.7,5,0.0,3.9199999999999999
2.1.08.00016,best_est,sphere,0.7,5,0.0,3.9199999999999999
2.1.08.00017,best_est,sphere,0.7,5,0.0,3.9199999999999999
2.1.08.00018,best_est,sphere,0.7,5,0.0,3.9199999999999999
2.1.08.00019,best_est,sphere,0.7,5,0.0,3.9199999999999999
2.1.08.00020,best_est,sphere,0.7,5,0.0,3.9199999999999999
2.1.08.00021,best_est,sphere,0.7,5,0.0,3.9199999999999999
2.1.08.00022,best_est,sphere,0.7,5,0.0,3.9199999999999999
2.1.08.00023,best_est,sphere,0.7,5,0.0,3.9199999999999999
2.1.08.00024,best_est,sphere,0.7,5,0.0,3.9199999999999999
2.1.08.00025,best_est,sphere,0.7,5,0.0,3.9199999999999999
2.1.08.00026,best_est,sphere,0.7,5,0.0,3.9199999999999999
2.1.08.00027,best_est,sphere,0.7,5,0.0,3.9199999999999999
2.1.08.00028,best_est,sphere,0.7,5,0.0,3.9199999999999999
2.1.08.00029,best_est,sphere,0.7,5,0.0,3.9199999999999999
2.1.08.00030,best_est,sphere,0.7,5,0.0,3.9199999999999999
2.1.08.00031,best_est,sphere,0.7,5,0.0,3.9199999999999999
2.1.08.00032,best_est,sphere,0.7,5,0.0,3.9199999999999999
2.1.08.00033,best_est,sphere,0.7,5,0.0,3.9199999999999999
2.1.08.00034,best_est,sphere,0.7,5,0.0,3.9199999999999999
2.1.08.00035,best_est,sphere,0.7,5,0.0,3.9199999999999999
2.1.08.00036,best_est,sphere,0.7,5,0.0,3.9199999999999999
2.1.08.00037,best_est,sphere,0.7,5,0.0,3.9199999999999999
2.1.08.00038,best_est,sphere,0.7,5,0.0,3.9199999999999999
2.1.08.00039,best_est,sphere,0.7,5,0.0,3.9199999999999999
2.1.08.00040,best_est,sphere,0.7,5,0.0,3.9199999999999999
2.1.08.00041,best_est,sphere,0.7,5,0.0,3.9199999999999999
2.1.08.00042,best_est,sphere,0.7,5,0.0,3.9199999999999999
2.1.08.00043,best_est,sphere,0.7,5,0.0,3.9199999999999999
2.1.08.00044,best_est,sphere,0.7,5,0.0,3.9199999999999999
2.1.08.00045,best_est,sphere,0.7,5,0.0,3.9199999999999999
2.1.08.00046,best_est,sphere,0.7,5,0.0,3.9199999999999999
2.1.08.00047,best_est,sphere,0.7,5,0.0,3.9199999999999999
2.1.08.00048,best_est,sphere,0.7,5,0.0,3.9199999999999999
2.1.08.00049,best_est,sphere,0.7,5,0.0,3.9199999999999999
2.1.08.00050,best_est,sphere,0.7,5,0.0,3.9199999999999999
2.1.08.00051,best_est,sphere,0.7,5,0.0,3.9199999999999999
2.1.08.00052,best_est,sphere,0.7,5,0.0,3.9199999999999999
2.1.08.00053,best_est,sphere,0.7,5,0.0,3.9199999999999999
2.1.08.00054,best_est,sphere,0.7,5,0.0,3.9199999999999999
2.1.08.00055,best_est,sphere,0.7,5,0.0,3.9199999999999999
2.1.08.00056,best_est,sphere,0.7,5,0.0,3.9199999999999999
2.1.08.00057,best_est,sphere,0.7,5,0.0,3.9199999999999999
2.1.08.00058,best_est,sphere,0.7,5,0.0,3.9199999999999999
2.1.08.00059,best_est,sphere,0.7,5,0.0,3.9199999999999999
2.1.08.00060,best_est,sphere,0.7,5,0.0,3.9199999999999999
2.1.08.00061,best_est,sphere,0.7,5,0.0,3.9199999999999999
2.1.08.00062,best_est,sphere,0.7,5,0.0,3.9199999999999999
2.1.08.00063,best_est,sphere,0.7,5,0.0,3.9199999999999999
2.1.08.00064,best_est,sphere,0.7,5,0.0,3.9199999999999999
2.1.08.00065,best_est,sphere,0.7,5,0.0,3.9199999999999999
2.1.08.00066,best_est,sphere,0.7,5,0.0,3.9199999999999999
2.1.08.00067,best_est,sphere,0.7,5,0.0,3.9199999999999999
2.1.08.00068,best_est,sphere,0.7,5,0.0,3.9199999999999999
2.1.08.00069,best_est,sphere,0.7,5,0.0,3.9199999999999999
2.1.08.00070,best_est,sphere,0.7,5,0.0,3.9199999999999999
2.1.08.00071,best_est,sphere,0.7,5,0.0,3.9199999999999999
2.1.08.00072,best_est,sphere,0.7,5,0.0,3.9199999999999999
2.1.08.00073,best_est,sphere,0.7,5,0.0,3.9199999999999999
2.1.08.00074,best_est,sphere,0.7,5,0.0,3.9199999999999999
2.1.08.00075,best_est,sphere,0.7,5,0.0,3.9199999999999999
2.1.08.00076,best_est,sphere,0.7,5,0.0,3.9199999999999999
2.1.08.00077,best_est,sphere,0.7,5,0.0,3.9199999999999999
2.1.08.00078,best_est,sphere,0.7,5,0.0,3.9199999999999999
2.1.08.00079,best_est,sphere,0.7,5,0.0,3.9199999999999999
2.1.08.00080,best_est,sphere,0.7,5,0.0,3.9199999999999999
2.1.08.00081,best_est,sphere,0.7,5,0.0,3.9199999999999999
2.1.08.00082,best_est,sphere,0.7,5,0.0,3.9199999999999999
2.1.08.00083,best_est,sphere,0.7,5,0.0,3.9199999999999999
2.1.08.00084,best_est,sphere,0.7,5,0.0,3.9199999999999999
2.1.08.00085,best_est,sphere,0.7,5,0.0,3.9199999999999999
2.1.08.00086,best_est,sphere,0.7,5,0.0,3.9199999999999999
2.1.08.00087,best_est,sphere,0.7,5,0.0,3.9199999999999999
2.1.08.00088,best_est,sphere,0.7,5,0.0,3.9199999999999999
2.1.08.00089,best_est,sphere,0.7,5,0.0,3.9199999999999999
2.1.08.00090,best_est,sphere,0.7,5,0.0,3.9199999999999999
2.1.08.00091,best_est,sphere,0.7,5,0.0,3.9199999999999999
2.1.08.00092,best_est,sphere,0.7,5,0.0,3.9199999999999999
2.1.08.00093,best_est,sphere,0.7,5,0.0,3.9199999999999999
2.1.08.00094,best_est,sphere,0.7,5,0.0,3.9199999999999999
2.1.08.00095,best_est,sphere,0.7,5,0.0,3.9199999999999999
2.1.08.00096,best_est,sphere,0.7,5,0.0,3.9199999999999999
2.1.08.00097,best_est,sphere,0.7,5,0.0,3.9199999999999999
2.1.08.00098,best_est,sphere,0.7,5,0.0,3.9199999999999999
2.1.08.00099,best_est,sphere,0.7,5,0.0,3.9199999999999999
2.1.08.00100,best_est,sphere,0.7,5,0.0,3.9199999999999999
1.1.09.00001,future_est,sphere,0.8,5,0.0,3.9199999999999999
1.1.09.00002,future_est,sphere,0.8,5,0.0,3.9199999999999999
1.1.09.00003,future_est,sphere,0.8,5,0.0,3.9199999999999999
1.1.09.00004,future_est,sphere,0.8,5,0.0,3.9199999999999999
1.1.09.00005,future_est,sphere,0.8,5,0.0,3.9199999999999999
1.1.09.00006,future_est,sphere,0.8,5,0.0,3.9199999999999999
1.1.09.00007,future_est,sphere,0.8,5,0.0,3.9199999999999999
1.1.09.00008,future_est,sphere,0.8,5,0.0,3.9199999999999999
1.1.09.00009,future_est,sphere,0.8,5,0.0,3.9199999999999999
1.1.09.00010,future_est,sphere,0.8,5,0.0,3.9199999999999999
1.1.09.00011,future_est,sphere,0.8,5,0.0,3.9199999999999999
1.1.09.00012,future_est,sphere,0.8,5,0.0,3.9199999999999999
1.1.09.00013,future_est,sphere,0.8,5,0.0,3.9199999999999999
1.1.09.00014,future_est,sphere,0.8,5,0.0,3.9199999999999999
1.1.09.00015,future_est,sphere,0.8,4,0.0,3.9199999999999999
1.1.09.00016,future_est,sphere,0.8,5,0.0,3.9199999999999999
1.1.09.00017,future_est,sphere,0.8,5,0.0,3.9199999999999999
1.1.09.00018,future_est,sphere,0.8,5,0.0,3.9199999999999999
1.1.09.00019,future_est,sphere,0.8,5,0.0,3.9199999999999999
1.1.09.00020,future_est,sphere,0.8,5,0.0,3.9199999999999999
1.1.09.00021,future_est,sphere,0.8,5,0.0,3.9199999999999999
1.1.09.00022,future_est,sphere,0.8,5,0.0,3.9199999999999999
1.1.09.00023,future_est,sphere,0.8,5,0.0,3.9199999999999999
1.1.09.00024,future_est,sphere,0.8,5,0.0,3.9199999999999999
1.1.09.00025,future_est,sphere,0.8,5,0.0,3.9199999999999999
1.1.09.00026,future_est,sphere,0.8,5,0.0,3.9199999999999999
1.1.09.00027,future_est,sphere,0.8,5,0.0,3.9199999999999999
1.1.09.00028,future_est,sphere,0.8,5,0.0,3.9199999999999999
1.1.09.00029,future_est,sphere,0.8,5,0.0,3.9199999999999999
1.1.09.00030,future_est,sphere,0.8,5,0.0,3.9199999999999999
1.1.09.00031,future_est,sphere,0.8,5,0.0,3.9199999999999999
1.1.09.00032,future_est,sphere,0.8,5,0.0,3.9199999999999999
1.1.09.00033,future_est,sphere,0.8,5,0.0,3.9199999999999999
1.1.09.00034,future_est,sphere,0.8,5,0.0,3.9199999999999999
1.1.09.00035,future_est,sphere,0.8,5,0.0,3.9199999999999999
1.1.09.00036,future_est,sphere,0.8,5,0.0,3.9199999999999999
1.1.09.00037,future_est,sphere,0.8,5,0.0,3.9199999999999999
1.1.09.00038,future_est,sphere,0.8,5,0.0,3.9199999999999999
1.1.09.00039,future_est,sphere,0.8,5,0.0,3.9199999999999999
1.1.09.00040,future_est,sphere,0.8,5,0.0,3.9199999999999999
1.1.09.00041,future_est,sphere,0.8,5,0.0,3.9199999999999999
1.1.09.00042,future_est,sphere,0.8,5,0.0,3.9199999999999999
1.1.09.00043,future_est,sphere,0.8,5,0.0,3.9199999999999999
1.1.09.00044,future_est,sphere,0.8,5,0.0,3.9199999999999999
1.1.09.00045,future_est,sphere,0.8,5,0.0,3.9199999999999999
1.1.09.00046,future_est,sphere,0.8,5,0.0,3.9199999999999999
1.1.09.00047,future_est,sphere,0.8,5,0.0,3.9199999999999999
1.1.09.00048,future_est,sphere,0.8,5,0.0,3.9199999999999999
1.1.09.00049,future_est,sphere,0.8,5,0.0,3.9199999999999999
1.1.09.00050,future_est,sphere,0.8,5,0.0,3.9199999999999999
1.1.09.00051,future_est,sphere,0.8,5,0.0,3.9199999999999999
1.1.09.00052,future_est,sphere,0.8,5,0.0,3.9199999999999999
1.1.09.00053,future_est,sphere,0.8,5,0.0,3.9199999999999999
1.1.09.00054,future_est,sphere,0.8,5,0.0,3.9199999999999999
1.1.09.00055,future_est,sphere,0.8,5,0.0,3.9199999999999999
1.1.09.00056,future_est,sphere,0.8,5,0.0,3.9199999999999999
1.1.09.00057,future_est,sphere,0.8,5,0.0,3.9199999999999999
1.1.09.00058,future_est,sphere,0.8,5,0.0,3.9199999999999999
1.1.09.00059,future_est,sphere,0.8,5,0.0,3.9199999999999999
1.1.09.00060,future_est,sphere,0.8,5,0.0,3.9199999999999999
1.1.09.00061,future_est,sphere,0.8,5,0.0,3.9199999999999999
1.1.09.00062,future_est,sphere,0.8,5,0.0,3.9199999999999999
1.1.09.00063,future_est,sphere,0.8,5,0.0,3.9199999999999999
1.1.09.00064,future_est,sphere,0.8,5,0.0,3.9199999999999999
1.1.09.00065,future_est,sphere,0.8,5,0.0,3.9199999999999999
1.1.09.00066,future_est,sphere,0.8,5,0.0,3.9199999999999999
1.1.09.00067,future_est,sphere,0.8,5,0.0,3.9199999999999999
1.1.09.00068,future_est,sphere,0.8,5,0.0,3.9199999999999999
1.1.09.00069,future_est,sphere,0.8,5,0.0,3.9199999999999999
1.1.09.00070,future_est,sphere,0.8,5,0.0,3.9199999999999999
1.1.09.00071,future_est,sphere,0.8,5,0.0,3.9199999999999999
1.1.09.00072,future_est,sphere,0.8,5,0.0,3.9199999999999999
1.1.09.00073,future_est,sphere,0.8,5,0.0,3.9199999999999999
1.1.09.00074,future_est,sphere,0.8,5,0.0,3.9199999999999999
1.1.09.00075,future_est,sphere,0.8,5,0.0,3.9199999999999999
1.1.09.00076,future_est,sphere,0.8,5,0.0,3.9199999999999999
1.1.09.00077,future_est,sphere,0.8,5,0.0,3.9199999999999999
1.1.09.00078,future_est,sphere,0.8,5,0.0,3.9199999999999999
1.1.09.00079,future_est,sphere,0.8,5,0.0,3.9199999999999999
1.1.09.00080,future_est,sphere,0.8,5,0.0,3.9199999999999999
1.1.09.00081,future_est,sphere,0.8,5,0.0,3.9199999999999999
1.1.09.00082,future_est,sphere,0.8,5,0.0,3.9199999999999999
1.1.09.00083,future_est,sphere,0.8,5,0.0,3.9199999999999999
1.1.09.00084,future_est,sphere,0.8,5,0.0,3.9199999999999999
1.1.09.00085,future_est,sphere,0.8,5,0.0,3.9199999999999999
1.1.09.00086,future_est,sphere,0.8,5,0.0,3.9199999999999999
1.1.09.00087,future_est,sphere,0.8,5,0.0,3.9199999999999999
1.1.09.00088,future_est,sphere,0.8,5,0.0,3.9199999999999999
1.1.09.00089,future_est,sphere,0.8,5,0.0,3.9199999999999999
1.1.09.00090,future_est,sphere,0.8,5,0.0,3.9199999999999999
1.1.09.00091,future_est,sphere,0.8,5,0.0,3.9199999999999999
1.1.09.00092,future_est,sphere,0.8,5,0.0,3.9199999999999999
1.1.09.00093,future_est,sphere,0.8,5,0.0,3.9199999999999999
1.1.09.00094,future_est,sphere,0.8,5,0.0,3.9199999999999999
1.1.09.00095,future_est,sphere,0.8,5,0.0,3.9199999999999999
1.1.09.00096,future_est,sphere,0.8,5,0.0,3.9199999999999999
1.1.09.00097,future_est,sphere,0.8,5,0.0,3.9199999999999999
1.1.09.00098,future_est,sphere,0.8,5,0.0,3.9199999999999999
1.1.09.00099,future_est,sphere,0.8,5,0.0,3.9199999999999999
1.1.09.00100,future_est,sphere,0.8,5,0.0,3.9199999999999999
2.1.09.00001,best_est,sphere,0.8,5,0.0,3.9199999999999999
2.1.09.00002,best_est,sphere,0.8,5,0.0,3.9199999999999999
2.1.09.00003,best_est,sphere,0.8,5,0.0,3.9199999999999999
2.1.09.00004,best_est,sphere,0.8,4,0.0,3.9199999999999999
2.1.09.00005,best_est,sphere,0.8,5,0.0,3.9199999999999999
2.1.09.00006,best_est,sphere,0.8,5,0.0,3.9199999999999999
2.1.09.00007,best_est,sphere,0.8,5,0.0,3.9199999999999999
2.1.09.00008,best_est,sphere,0.8,5,0.0,3.9199999999999999
2.1.09.00009,best_est,sphere,0.8,5,0.0,3.9199999999999999
2.1.09.00010,best_est,sphere,0.8,5,0.0,3.9199999999999999
2.1.09.00011,best_est,sphere,0.8,5,0.0,3.9199999999999999
2.1.09.00012,best_est,sphere,0.8,5,0.0,3.9199999999999999
2.1.09.00013,best_est,sphere,0.8,5,0.0,3.9199999999999999
2.1.09.00014,best_est,sphere,0.8,5,0.0,3.9199999999999999
2.1.09.00015,best_est,sphere,0.8,5,0.0,3.9199999999999999
2.1.09.00016,best_est,sphere,0.8,5,0.0,3.9199999999999999
2.1.09.00017,best_est,sphere,0.8,4,0.0,3.9199999999999999
2.1.09.00018,best_est,sphere,0.8,5,0.0,3.9199999999999999
2.1.09.00019,best_est,sphere,0.8,5,0.0,3.9199999999999999
2.1.09.00020,best_est,sphere,0.8,5,0.0,3.9199999999999999
2.1.09.00021,best_est,sphere,0.8,5,0.0,3.9199999999999999
2.1.09.00022,best_est,sphere,0.8,4,0.0,3.9199999999999999
2.1.09.00023,best_est,sphere,0.8,5,0.0,3.9199999999999999
2.1.09.00024,best_est,sphere,0.8,5,0.0,3.9199999999999999
2.1.09.00025,best_est,sphere,0.8,5,0.0,3.9199999999999999
2.1.09.00026,best_est,sphere,0.8,5,0.0,3.9199999999999999
2.1.09.00027,best_est,sphere,0.8,5,0.0,3.9199999999999999
2.1.09.00028,best_est,sphere,0.8,5,0.0,3.9199999999999999
2.1.09.00029,best_est,sphere,0.8,5,0.0,3.9199999999999999
2.1.09.00030,best_est,sphere,0.8,5,0.0,3.9199999999999999
2.1.09.00031,best_est,sphere,0.8,5,0.0,3.9199999999999999
2.1.09.00032,best_est,sphere,0.8,5,0.0,3.9199999999999999
2.1.09.00033,best_est,sphere,0.8,5,0.0,3.9199999999999999
2.1.09.00034,best_est,sphere,0.8,5,0.0,3.9199999999999999
2.1.09.00035,best_est,sphere,0.8,5,0.0,3.9199999999999999
2.1.09.00036,best_est,sphere,0.8,5,0.0,3.9199999999999999
2.1.09.00037,best_est,sphere,0.8,5,0.0,3.9199999999999999
2.1.09.00038,best_est,sphere,0.8,5,0.0,3.9199999999999999
2.1.09.00039,best_est,sphere,0.8,4,0.0,3.9199999999999999
2.1.09.00040,best_est,sphere,0.8,5,0.0,3.9199999999999999
2.1.09.00041,best_est,sphere,0.8,5,0.0,3.9199999999999999
2.1.09.00042,best_est,sphere,0.8,5,0.0,3.9199999999999999
2.1.09.00043,best_est,sphere,0.8,5,0.0,3.9199999999999999
2.1.09.00044,best_est,sphere,0.8,5,0.0,3.9199999999999999
2.1.09.00045,best_est,sphere,0.8,5,0.0,3.9199999999999999
2.1.09.00046,best_est,sphere,0.8,5,0.0,3.9199999999999999
2.1.09.00047,best_est,sphere,0.8,5,0.0,3.9199999999999999
2.1.09.00048,best_est,sphere,0.8,5,0.0,3.9199999999999999
2.1.09.00049,best_est,sphere,0.8,5,0.0,3.9199999999999999
2.1.09.00050,best_est,sphere,0.8,5,0.0,3.9199999999999999
2.1.09.00051,best_est,sphere,0.8,5,0.0,3.9199999999999999
2.1.09.00052,best_est,sphere,0.8,5,0.0,3.9199999999999999
2.1.09.00053,best_est,sphere,0.8,5,0.0,3.9199999999999999
2.1.09.00054,best_est,sphere,0.8,5,0.0,3.9199999999999999
2.1.09.00055,best_est,sphere,0.8,5,0.0,3.9199999999999999
2.1.09.00056,best_est,sphere,0.8,5,0.0,3.9199999999999999
2.1.09.00057,best_est,sphere,0.8,5,0.0,3.9199999999999999
2.1.09.00058,best_est,sphere,0.8,5,0.0,3.9199999999999999
2.1.09.00059,best_est,sphere,0.8,4,0.0,3.9199999999999999
2.1.09.00060,best_est,sphere,0.8,5,0.0,3.9199999999999999
2.1.09.00061,best_est,sphere,0.8,5,0.0,3.9199999999999999
2.1.09.00062,best_est,sphere,0.8,5,0.0,3.9199999999999999
2.1.09.00063,best_est,sphere,0.8,5,0.0,3.9199999999999999
2.1.09.00064,best_est,sphere,0.8,5,0.0,3.9199999999999999
2.1.09.00065,best_est,sphere,0.8,5,0.0,3.9199999999999999
2.1.09.00066,best_est,sphere,0.8,5,0.0,3.9199999999999999
2.1.09.00067,best_est,sphere,0.8,5,0.0,3.9199999999999999
2.1.09.00068,best_est,sphere,0.8,5,0.0,3.9199999999999999
2.1.09.00069,best_est,sphere,0.8,5,0.0,3.9199999999999999
2.1.09.00070,best_est,sphere,0.8,5,0.0,3.9199999999999999
2.1.09.00071,best_est,sphere,0.8,5,0.0,3.9199999999999999
2.1.09.00072,best_est,sphere,0.8,5,0.0,3.9199999999999999
2.1.09.00073,best_est,sphere,0.8,5,0.0,3.9199999999999999
2.1.09.00074,best_est,sphere,0.8,5,0.0,3.9199999999999999
2.1.09.00075,best_est,sphere,0.8,5,0.0,3.9199999999999999
2.1.09.00076,best_est,sphere,0.8,5,0.0,3.9199999999999999
2.1.09.00077,best_est,sphere,0.8,5,0.0,3.9199999999999999
2.1.09.00078,best_est,sphere,0.8,5,0.0,3.9199999999999999
2.1.09.00079,best_est,sphere,0.8,5,0.0,3.9199999999999999
2.1.09.00080,best_est,sphere,0.8,5,0.0,3.9199999999999999
2.1.09.00081,best_est,sphere,0.8,5,0.0,3.9199999999999999
2.1.09.00082,best_est,sphere,0.8,5,0.0,3.9199999999999999
2.1.09.00083,best_est,sphere,0.8,5,0.0,3.9199999999999999
2.1.09.00084,best_est,sphere,0.8,5,0.0,3.9199999999999999
2.1.09.00085,best_est,sphere,0.8,5,0.0,3.9199999999999999
2.1.09.00086,best_est,sphere,0.8,5,0.0,3.9199999999999999
2.1.09.00087,best_est,sphere,0.8,5,0.0,3.9199999999999999
2.1.09.00088,best_est,sphere,0.8,5,0.0,3.9199999999999999
2.1.09.00089,best_est,sphere,0.8,5,0.0,3.9199999999999999
2.1.09.00090,best_est,sphere,0.8,5,0.0,3.9199999999999999
2.1.09.00091,best_est,sphere,0.8,5,0.0,3.9199999999999999
2.1.09.00092,best_est,sphere,0.8,5,0.0,3.9199999999999999
2.1.09.00093,best_est,sphere,0.8,5,0.0,3.9199999999999999
2.1.09.00094,best_est,sphere,0.8,5,0.0,3.9199999999999999
2.1.09.00095,best_est,sphere,0.8,5,0.0,3.9199999999999999
2.1.09.00096,best_est,sphere,0.8,5,0.0,3.9199999999999999
2.1.09.00097,best_est,sphere,0.8,5,0.0,3.9199999999999999
2.1.09.00098,best_est,sphere,0.8,5,0.0,3.9199999999999999
2.1.09.00099,best_est,sphere,0.8,5,0.0,3.9199999999999999
2.1.09.00100,best_est,sphere,0.8,5,0.0,3.9199999999999999
1.1.10.00001,future_est,sphere,0.9,5,0.0,3.9199999999999999
1.1.10.00002,future_est,sphere,0.9,4,0.0,3.9199999999999999
1.1.10.00003,future_est,sphere,0.9,5,0.0,3.9199999999999999
1.1.10.00004,future_est,sphere,0.9,5,0.0,3.9199999999999999
1.1.10.00005,future_est,sphere,0.9,4,0.0,3.9199999999999999
1.1.10.00006,future_est,sphere,0.9,4,0.0,3.9199999999999999
1.1.10.00007,future_est,sphere,0.9,5,0.0,3.9199999999999999
1.1.10.00008,future_est,sphere,0.9,4,0.0,3.9199999999999999
1.1.10.00009,future_est,sphere,0.9,4,0.0,3.9199999999999999
1.1.10.00010,future_est,sphere,0.9,5,0.0,3.9199999999999999
1.1.10.00011,future_est,sphere,0.9,4,0.0,3.9199999999999999
1.1.10.00012,future_est,sphere,0.9,5,0.0,3.9199999999999999
1.1.10.00013,future_est,sphere,0.9,5,0.0,3.9199999999999999
1.1.10.00014,future_est,sphere,0.9,5,0.0,3.9199999999999999
1.1.10.00015,future_est,sphere,0.9,5,0.0,3.9199999999999999
1.1.10.00016,future_est,sphere,0.9,5,0.0,3.9199999999999999
1.1.10.00017,future_est,sphere,0.9,5,0.0,3.9199999999999999
1.1.10.00018,future_est,sphere,0.9,5,0.0,3.9199999999999999
1.1.10.00019,future_est,sphere,0.9,5,0.0,3.9199999999999999
1.1.10.00020,future_est,sphere,0.9,5,0.0,3.9199999999999999
1.1.10.00021,future_est,sphere,0.9,5,0.0,3.9199999999999999
1.1.10.00022,future_est,sphere,0.9,5,0.0,3.9199999999999999
1.1.10.00023,future_est,sphere,0.9,5,0.0,3.9199999999999999
1.1.10.00024,future_est,sphere,0.9,4,0.0,3.9199999999999999
1.1.10.00025,future_est,sphere,0.9,5,0.0,3.9199999999999999
1.1.10.00026,future_est,sphere,0.9,4,0.0,3.9199999999999999
1.1.10.00027,future_est,sphere,0.9,5,0.0,3.9199999999999999
1.1.10.00028,future_est,sphere,0.9,4,0.0,3.9199999999999999
1.1.10.00029,future_est,sphere,0.9,5,0.0,3.9199999999999999
1.1.10.00030,future_est,sphere,0.9,5,0.0,3.9199999999999999
1.1.10.00031,future_est,sphere,0.9,4,0.0,3.9199999999999999
1.1.10.00032,future_est,sphere,0.9,5,0.0,3.9199999999999999
1.1.10.00033,future_est,sphere,0.9,4,0.0,3.9199999999999999
1.1.10.00034,future_est,sphere,0.9,5,0.0,3.9199999999999999
1.1.10.00035,future_est,sphere,0.9,5,0.0,3.9199999999999999
1.1.10.00036,future_est,sphere,0.9,5,0.0,3.9199999999999999
1.1.10.00037,future_est,sphere,0.9,4,0.0,3.9199999999999999
1.1.10.00038,future_est,sphere,0.9,5,0.0,3.9199999999999999
1.1.10.00039,future_est,sphere,0.9,5,0.0,3.9199999999999999
1.1.10.00040,future_est,sphere,0.9,4,0.0,3.9199999999999999
1.1.10.00041,future_est,sphere,0.9,5,0.0,3.9199999999999999
1.1.10.00042,future_est,sphere,0.9,5,0.0,3.9199999999999999
1.1.10.00043,future_est,sphere,0.9,5,0.0,3.9199999999999999
1.1.10.00044,future_est,sphere,0.9,5,0.0,3.9199999999999999
1.1.10.00045,future_est,sphere,0.9,5,0.0,3.9199999999999999
1.1.10.00046,future_est,sphere,0.9,4,0.0,3.9199999999999999
1.1.10.00047,future_est,sphere,0.9,5,0.0,3.9199999999999999
1.1.10.00048,future_est,sphere,0.9,4,0.0,3.9199999999999999
1.1.10.00049,future_est,sphere,0.9,5,0.0,3.9199999999999999
1.1.10.00050,future_est,sphere,0.9,5,0.0,3.9199999999999999
1.1.10.00051,future_est,sphere,0.9,4,0.0,3.9199999999999999
1.1.10.00052,future_est,sphere,0.9,5,0.0,3.9199999999999999
1.1.10.00053,future_est,sphere,0.9,5,0.0,3.9199999999999999
1.1.10.00054,future_est,sphere,0.9,5,0.0,3.9199999999999999
1.1.10.00055,future_est,sphere,0.9,5,0.0,3.9199999999999999
1.1.10.00056,future_est,sphere,0.9,4,0.0,3.9199999999999999
1.1.10.00057,future_est,sphere,0.9,4,0.0,3.9199999999999999
1.1.10.00058,future_est,sphere,0.9,5,0.0,3.9199999999999999
1.1.10.00059,future_est,sphere,0.9,4,0.0,3.9199999999999999
1.1.10.00060,future_est,sphere,0.9,5,0.0,3.9199999999999999
1.1.10.00061,future_est,sphere,0.9,5,0.0,3.9199999999999999
1.1.10.00062,future_est,sphere,0.9,4,0.0,3.9199999999999999
1.1.10.00063,future_est,sphere,0.9,5,0.0,3.9199999999999999
1.1.10.00064,future_est,sphere,0.9,5,0.0,3.9199999999999999
1.1.10.00065,future_est,sphere,0.9,5,0.0,3.9199999999999999
1.1.10.00066,future_est,sphere,0.9,5,0.0,3.9199999999999999
1.1.10.00067,future_est,sphere,0.9,5,0.0,3.9199999999999999
1.1.10.00068,future_est,sphere,0.9,5,0.0,3.9199999999999999
1.1.10.00069,future_est,sphere,0.9,4,0.0,3.9199999999999999
1.1.10.00070,future_est,sphere,0.9,5,0.0,3.9199999999999999
1.1.10.00071,future_est,sphere,0.9,5,0.0,3.9199999999999999
1.1.10.00072,future_est,sphere,0.9,5,0.0,3.9199999999999999
1.1.10.00073,future_est,sphere,0.9,4,0.0,3.9199999999999999
1.1.10.00074,future_est,sphere,0.9,5,0.0,3.9199999999999999
1.1.10.00075,future_est,sphere,0.9,4,0.0,3.9199999999999999
1.1.10.00076,future_est,sphere,0.9,5,0.0,3.9199999999999999
1.1.10.00077,future_est,sphere,0.9,5,0.0,3.9199999999999999
1.1.10.00078,future_est,sphere,0.9,5,0.0,3.9199999999999999
1.1.10.00079,future_est,sphere,0.9,5,0.0,3.9199999999999999
1.1.10.00080,future_est,sphere,0.9,5,0.0,3.9199999999999999
1.1.10.00081,future_est,sphere,0.9,5,0.0,3.9199999999999999
1.1.10.00082,future_est,sphere,0.9,5,0.0,3.9199999999999999
1.1.10.00083,future_est,sphere,0.9,5,0.0,3.9199999999999999
1.1.10.00084,future_est,sphere,0.9,4,0.0,3.9199999999999999
1.1.10.00085,future_est,sphere,0.9,5,0.0,3.9199999999999999
1.1.10.00086,future_est,sphere,0.9,5,0.0,3.9199999999999999
1.1.10.00087,future_est,sphere,0.9,5,0.0,3.9199999999999999
1.1.10.00088,future_est,sphere,0.9,5,0.0,3.9199999999999999
1.1.10.00089,future_est,sphere,0.9,5,0.0,3.9199999999999999
1.1.10.00090,future_est,sphere,0.9,4,0.0,3.9199999999999999
1.1.10.00091,future_est,sphere,0.9,4,0.0,3.9199999999999999
1.1.10.00092,future_est,sphere,0.9,4,0.0,3.9199999999999999
1.1.10.00093,future_est,sphere,0.9,5,0.0,3.9199999999999999
1.1.10.00094,future_est,sphere,0.9,5,0.0,3.9199999999999999
1.1.10.00095,future_est,sphere,0.9,4,0.0,3.9199999999999999
1.1.10.00096,future_est,sphere,0.9,5,0.0,3.9199999999999999
1.1.10.00097,future_est,sphere,0.9,4,0.0,3.9199999999999999
1.1.10.00098,future_est,sphere,0.9,5,0.0,3.9199999999999999
1.1.10.00099,future_est,sphere,0.9,5,0.0,3.9199999999999999
1.1.10.00100,future_est,sphere,0.9,4,0.0,3.9199999999999999
2.1.10.00001,best_est,sphere,0.9,4,0.0,3.9199999999999999
2.1.10.00002,best_est,sphere,0.9,4,0.0,3.9199999999999999
2.1.10.00003,best_est,sphere,0.9,5,0.0,3.9199999999999999
2.1.10.00004,best_est,sphere,0.9,5,0.0,3.9199999999999999
2.1.10.00005,best_est,sphere,0.9,5,0.0,3.9199999999999999
2.1.10.00006,best_est,sphere,0.9,5,0.0,3.9199999999999999
2.1.10.00007,best_est,sphere,0.9,5,0.0,3.9199999999999999
2.1.10.00008,best_est,sphere,0.9,4,0.0,3.9199999999999999
2.1.10.00009,best_est,sphere,0.9,5,0.0,3.9199999999999999
2.1.10.00010,best_est,sphere,0.9,5,0.0,3.9199999999999999
2.1.10.00011,best_est,sphere,0.9,5,0.0,3.9199999999999999
2.1.10.00012,best_est,sphere,0.9,5,0.0,3.9199999999999999
2.1.10.00013,best_est,sphere,0.9,4,0.0,3.9199999999999999
2.1.10.00014,best_est,sphere,0.9,5,0.0,3.9199999999999999
2.1.10.00015,best_est,sphere,0.9,5,0.0,3.9199999999999999
2.1.10.00016,best_est,sphere,0.9,4,0.0,3.9199999999999999
2.1.10.00017,best_est,sphere,0.9,4,0.0,3.9199999999999999
2.1.10.00018,best_est,sphere,0.9,4,0.0,3.9199999999999999
2.1.10.00019,best_est,sphere,0.9,5,0.0,3.9199999999999999
2.1.10.00020,best_est,sphere,0.9,4,0.0,3.9199999999999999
2.1.10.00021,best_est,sphere,0.9,4,0.0,3.9199999999999999
2.1.10.00022,best_est,sphere,0.9,5,0.0,3.9199999999999999
2.1.10.00023,best_est,sphere,0.9,5,0.0,3.9199999999999999
2.1.10.00024,best_est,sphere,0.9,5,0.0,3.9199999999999999
2.1.10.00025,best_est,sphere,0.9,4,0.0,3.9199999999999999
2.1.10.00026,best_est,sphere,0.9,5,0.0,3.9199999999999999
2.1.10.00027,best_est,sphere,0.9,5,0.0,3.9199999999999999
2.1.10.00028,best_est,sphere,0.9,5,0.0,3.9199999999999999
2.1.10.00029,best_est,sphere,0.9,4,0.0,3.9199999999999999
2.1.10.00030,best_est,sphere,0.9,5,0.0,3.9199999999999999
2.1.10.00031,best_est,sphere,0.9,5,0.0,3.9199999999999999
2.1.10.00032,best_est,sphere,0.9,4,0.0,3.9199999999999999
2.1.10.00033,best_est,sphere,0.9,5,0.0,3.9199999999999999
2.1.10.00034,best_est,sphere,0.9,4,0.0,3.9199999999999999
2.1.10.00035,best_est,sphere,0.9,4,0.0,3.9199999999999999
2.1.10.00036,best_est,sphere,0.9,4,0.0,3.9199999999999999
2.1.10.00037,best_est,sphere,0.9,5,0.0,3.9199999999999999
2.1.10.00038,best_est,sphere,0.9,5,0.0,3.9199999999999999
2.1.10.00039,best_est,sphere,0.9,4,0.0,3.9199999999999999
2.1.10.00040,best_est,sphere,0.9,5,0.0,3.9199999999999999
2.1.10.00041,best_est,sphere,0.9,4,0.0,3.9199999999999999
2.1.10.00042,best_est,sphere,0.9,5,0.0,3.9199999999999999
2.1.10.00043,best_est,sphere,0.9,4,0.0,3.9199999999999999
2.1.10.00044,best_est,sphere,0.9,4,0.0,3.9199999999999999
2.1.10.00045,best_est,sphere,0.9,5,0.0,3.9199999999999999
2.1.10.00046,best_est,sphere,0.9,5,0.0,3.9199999999999999
2.1.10.00047,best_est,sphere,0.9,5,0.0,3.9199999999999999
2.1.10.00048,best_est,sphere,0.9,5,0.0,3.9199999999999999
2.1.10.00049,best_est,sphere,0.9,4,0.0,3.9199999999999999
2.1.10.00050,best_est,sphere,0.9,5,0.0,3.9199999999999999
2.1.10.00051,best_est,sphere,0.9,5,0.0,3.9199999999999999
2.1.10.00052,best_est,sphere,0.9,5,0.0,3.9199999999999999
2.1.10.00053,best_est,sphere,0.9,5,0.0,3.9199999999999999
2.1.10.00054,best_est,sphere,0.9,4,0.0,3.9199999999999999
2.1.10.00055,best_est,sphere,0.9,4,0.0,3.9199999999999999
2.1.10.00056,best_est,sphere,0.9,5,0.0,3.9199999999999999
2.1.10.00057,best_est,sphere,0.9,5,0.0,3.9199999999999999
2.1.10.00058,best_est,sphere,0.9,4,0.0,3.9199999999999999
2.1.10.00059,best_est,sphere,0.9,5,0.0,3.9199999999999999
2.1.10.00060,best_est,sphere,0.9,5,0.0,3.9199999999999999
2.1.10.00061,best_est,sphere,0.9,5,0.0,3.9199999999999999
2.1.10.00062,best_est,sphere,0.9,5,0.0,3.9199999999999999
2.1.10.00063,best_est,sphere,0.9,5,0.0,3.9199999999999999
2.1.10.00064,best_est,sphere,0.9,4,0.0,3.9199999999999999
2.1.10.00065,best_est,sphere,0.9,4,0.0,3.9199999999999999
2.1.10.00066,best_est,sphere,0.9,5,1.7350009534204628e-28,3.9199999999999999
2.1.10.00067,best_est,sphere,0.9,5,0.0,3.9199999999999999
2.1.10.00068,best_est,sphere,0.9,4,0.0,3.9199999999999999
2.1.10.00069,best_est,sphere,0.9,5,0.0,3.9199999999999999
2.1.10.00070,best_est,sphere,0.9,5,0.0,3.9199999999999999
2.1.10.00071,best_est,sphere,0.9,5,0.0,3.9199999999999999
2.1.10.00072,best_est,sphere,0.9,5,0.0,3.9199999999999999
2.1.10.00073,best_est,sphere,0.9,4,0.0,3.9199999999999999
2.1.10.00074,best_est,sphere,0.9,5,0.0,3.9199999999999999
2.1.10.00075,best_est,sphere,0.9,4,0.0,3.9199999999999999
2.1.10.00076,best_est,sphere,0.9,5,0.0,3.9199999999999999
2.1.10.00077,best_est,sphere,0.9,5,0.0,3.9199999999999999
2.1.10.00078,best_est,sphere,0.9,5,0.0,3.9199999999999999
2.1.10.00079,best_est,sphere,0.9,4,0.0,3.9199999999999999
2.1.10.00080,best_est,sphere,0.9,5,0.0,3.9199999999999999
2.1.10.00081,best_est,sphere,0.9,4,0.0,3.9199999999999999
2.1.10.00082,best_est,sphere,0.9,5,0.0,3.9199999999999999
2.1.10.00083,best_est,sphere,0.9,5,0.0,3.9199999999999999
2.1.10.00084,best_est,sphere,0.9,5,0.0,3.9199999999999999
2.1.10.00085,best_est,sphere,0.9,5,0.0,3.9199999999999999
2.1.10.00086,best_est,sphere,0.9,4,0.0,3.9199999999999999
2.1.10.00087,best_est,sphere,0.9,5,0.0,3.9199999999999999
2.1.10.00088,best_est,sphere,0.9,5,0.0,3.9199999999999999
2.1.10.00089,best_est,sphere,0.9,5,0.0,3.9199999999999999
2.1.10.00090,best_est,sphere,0.9,5,0.0,3.9199999999999999
2.1.10.00091,best_est,sphere,0.9,5,0.0,3.9199999999999999
2.1.10.00092,best_est,sphere,0.9,5,0.0,3.9199999999999999
2.1.10.00093,best_est,sphere,0.9,5,0.0,3.9199999999999999
2.1.10.00094,best_est,sphere,0.9,5,0.0,3.9199999999999999
2.1.10.00095,best_est,sphere,0.9,5,0.0,3.9199999999999999
2.1.10.00096,best_est,sphere,0.9,5,0.0,3.9199999999999999
2.1.10.00097,best_est,sphere,0.9,5,0.0,3.9199999999999999
2.1.10.00098,best_est,sphere,0.9,5,0.0,3.9199999999999999
2.1.10.00099,best_est,sphere,0.9,4,0.0,3.9199999999999999
2.1.10.00100,best_est,sphere,0.9,5,0.0,3.9199999999999999
1.1.11.00001,future_est,sphere,1.0,1,1.3484591098621671e-28,3.9199999999999999
1.1.11.00002,future_est,sphere,1.0,1,1.4495319133436092e-28,3.9199999999999999
1.1.11.00003,future_est,sphere,1.0,1,1.4174844390690056e-28,3.9199999999999999
1.1.11.00004,future_est,sphere,1.0,1,1.4110749442140849e-28,3.9199999999999999
1.1.11.00005,future_est,sphere,1.0,1,2.5933802259140763e-29,3.9199999999999999
1.1.11.00006,future_est,sphere,1.0,1,1.3844508886628757e-28,3.9199999999999999
1.1.11.00007,future_est,sphere,1.0,1,2.123021911176048e-28,3.9199999999999999
1.1.11.00008,future_est,sphere,1.0,1,1.5624376304033665e-28,3.9199999999999999
1.1.11.00009,future_est,sphere,1.0,1,8.588723105593766e-29,3.9199999999999999
1.1.11.00010,future_est,sphere,1.0,1,1.3430356911387726e-28,3.9199999999999999
1.1.11.00011,future_est,sphere,1.0,1,1.4105819061483217e-28,3.9199999999999999
1.1.11.00012,future_est,sphere,1.0,1,1.8035332445615382e-28,3.9199999999999999
1.1.11.00013,future_est,sphere,1.0,1,8.450672447180089e-29,3.9199999999999999
1.1.11.00014,future_est,sphere,1.0,1,1.0935584298626276e-28,3.9199999999999999
1.1.11.00015,future_est,sphere,1.0,1,9.8015967473710717e-29,3.9199999999999999
1.1.11.00016,future_est,sphere,1.0,1,9.2937675396350453e-29,3.9199999999999999
1.1.11.00017,future_est,sphere,1.0,1,7.6716723032743398e-29,3.9199999999999999
1.1.11.00018,future_est,sphere,1.0,1,8.5690015829632407e-29,3.9199999999999999
1.1.11.00019,future_est,sphere,1.0,1,1.9736313772498189e-28,3.9199999999999999
1.1.11.00020,future_est,sphere,1.0,1,8.2731787435053613e-29,3.9199999999999999
1.1.11.00021,future_est,sphere,1.0,1,1.6048389040589959e-28,3.9199999999999999
1.1.11.00022,future_est,sphere,1.0,1,9.3775840108147778e-29,3.9199999999999999
1.1.11.00023,future_est,sphere,1.0,1,1.4091027919510323e-28,3.9199999999999999
1.1.11.00024,future_est,sphere,1.0,1,8.0266597106237951e-29,3.9199999999999999
1.1.11.00025,future_est,sphere,1.0,1,1.9100294667663748e-28,3.9199999999999999
1.1.11.00026,future_est,sphere,1.0,1,3.7968861444418824e-28,3.9199999999999999
1.1.11.00027,future_est,sphere,1.0,1,1.6048389040589959e-28,3.9199999999999999
1.1.11.00028,future_est,sphere,1.0,1,6.4726037273384019e-28,3.9199999999999999
1.1.11.00029,future_est,sphere,1.0,1,1.7098560120665431e-28,3.9199999999999999
1.1.11.00030,future_est,sphere,1.0,1,1.3834648125313495e-28,3.9199999999999999
1.1.11.00031,future_est,sphere,1.0,1,3.3526588471893002e-29,3.9199999999999999
1.1.11.00032,future_est,sphere,1.0,1,2.4464548823166629e-28,3.9199999999999999
1.1.11.00033,future_est,sphere,1.0,1,1.3913534215835596e-28,3.9199999999999999
1.1.11.00034,future_est,sphere,1.0,1,1.322328092376721e-28,3.9199999999999999
1.1.11.00035,future_est,sphere,1.0,1,1.370645822821508e-28,3.9199999999999999
1.1.11.00036,future_est,sphere,1.0,1,1.0112210728801845e-28,3.9199999999999999
1.1.11.00037,future_est,sphere,1.0,1,1.974124415315582e-28,3.9199999999999999
1.1.11.00038,future_est,sphere,1.0,1,8.3717863566579878e-29,3.9199999999999999
1.1.11.00039,future_est,sphere,1.0,1,2.8300384974803799e-29,3.9199999999999999
1.1.11.00040,future_est,sphere,1.0,1,9.7868056053981777e-29,3.9199999999999999
1.1.11.00041,future_est,sphere,1.0,1,1.3657154421638767e-28,3.9199999999999999
1.1.11.00042,future_est,sphere,1.0,1,1.4396711520283465e-28,3.9199999999999999
1.1.11.00043,future_est,sphere,1.0,1,8.9930143195195346e-29,3.9199999999999999
1.1.11.00044,future_est,sphere,1.0,1,1.3341610059550362e-28,3.9199999999999999
1.1.11.00045,future_est,sphere,1.0,1,8.283039504820624e-29,3.9199999999999999
1.1.11.00046,future_est,sphere,1.0,1,1.3065508742723008e-28,3.9199999999999999
1.1.11.00047,future_est,sphere,1.0,1,1.3676875944269292e-28,3.9199999999999999
1.1.11.00048,future_est,sphere,1.0,1,3.0962790529924713e-29,3.9199999999999999
1.1.11.00049,future_est,sphere,1.0,1,1.4081167158195061e-28,3.9199999999999999
1.1.11.00050,future_est,sphere,1.0,1,1.5254597754711316e-28,3.9199999999999999
1.1.11.00051,future_est,sphere,1.0,1,5.314950348926567e-29,3.9199999999999999
1.1.11.00052,future_est,sphere,1.0,1,1.873544649899903e-28,3.9199999999999999
1.1.11.00053,future_est,sphere,1.0,1,9.2789763976621514e-29,3.9199999999999999
1.1.11.00054,future_est,sphere,1.0,1,1.5535629452196301e-28,3.9199999999999999
1.1.11.00055,future_est,sphere,1.0,1,1.3243002446397736e-28,3.9199999999999999
1.1.11.00056,future_est,sphere,1.0,1,1.370645822821508e-28,3.9199999999999999
1.1.11.00057,future_est,sphere,1.0,1,1.8276921097839317e-28,3.9199999999999999
1.1.11.00058,future_est,sphere,1.0,1,2.7018486003819654e-29,3.9199999999999999
1.1.11.00059,future_est,sphere,1.0,1,2.2581143411951463e-29,3.9199999999999999
1.1.11.00060,future_est,sphere,1.0,1,1.5363066129179205e-28,3.9199999999999999
1.1.11.00061,future_est,sphere,1.0,1,8.3619255953427251e-29,3.9199999999999999
1.1.11.00062,future_est,sphere,1.0,1,1.0481989278124194e-28,3.9199999999999999
1.1.11.00063,future_est,sphere,1.0,1,1.0511571562069982e-28,3.9199999999999999
1.1.11.00064,future_est,sphere,1.0,1,1.2986622652200907e-28,3.9199999999999999
1.1.11.00065,future_est,sphere,1.0,1,7.8886090522101181e-29,3.9199999999999999
1.1.11.00066,future_est,sphere,1.0,1,1.9874364430911866e-28,3.9199999999999999
1.1.11.00067,future_est,sphere,1.0,1,1.3972698783727172e-28,3.9199999999999999
1.1.11.00068,future_est,sphere,1.0,1,1.4801002734209234e-28,3.9199999999999999
1.1.11.00069,future_est,sphere,1.0,1,1.3933255738466121e-28,3.9199999999999999
1.1.11.00070,future_est,sphere,1.0,1,1.3617711376377716e-28,3.9199999999999999
1.1.11.00071,future_est,sphere,1.0,1,2.007651003787475e-28,3.9199999999999999
1.1.11.00072,future_est,sphere,1.0,1,9.3282802042384646e-29,3.9199999999999999
1.1.11.00073,future_est,sphere,1.0,1,8.0759635172001084e-29,3.9199999999999999
1.1.11.00074,future_est,sphere,1.0,1,1.8922800963989021e-28,3.9199999999999999
1.1.11.00075,future_est,sphere,1.0,1,7.6652628084194191e-28,3.9199999999999999
1.1.11.00076,future_est,sphere,1.0,1,2.070759876205156e-29,3.9199999999999999
1.1.11.00077,future_est,sphere,1.0,1,7.9379128587864313e-29,3.9199999999999999
1.1.11.00078,future_est,sphere,1.0,1,6.6515765452104189e-28,3.9199999999999999
1.1.11.00079,future_est,sphere,1.0,1,1.9090433906348486e-28,3.9199999999999999
1.1.11.00080,future_est,sphere,1.0,1,7.4843178382843495e-29,3.9199999999999999
1.1.11.00081,future_est,sphere,1.0,1,7.9477736201016939e-29,3.9199999999999999
1.1.11.00082,future_est,sphere,1.0,1,2.4257472835546113e-29,3.9199999999999999
1.1.11.00083,future_est,sphere,1.0,1,8.5690015829632407e-29,3.9199999999999999
1.1.11.00084,future_est,sphere,1.0,1,3.9147222421592711e-29,3.9199999999999999
1.1.11.00085,future_est,sphere,1.0,1,1.3578268331116666e-28,3.9199999999999999
1.1.11.00086,future_est,sphere,1.0,1,9.7966663667134404e-29,3.9199999999999999
1.1.11.00087,future_est,sphere,1.0,1,8.7169130026921804e-29,3.9199999999999999
1.1.11.00088,future_est,sphere,1.0,1,2.4257472835546113e-29,3.9199999999999999
1.1.11.00089,future_est,sphere,1.0,1,8.3175521694240432e-29,3.9199999999999999
1.1.11.00090,future_est,sphere,1.0,1,1.601387637598654e-28,3.9199999999999999
1.1.11.00091,future_est,sphere,1.0,1,1.4569274843300562e-28,3.9199999999999999
1.1.11.00092,future_est,sphere,1.0,1,8.3915078792885131e-29,3.9199999999999999
1.1.11.00093,future_est,sphere,1.0,1,8.7957990932142816e-29,3.9199999999999999
1.1.11.00094,future_est,sphere,1.0,1,1.4209357055293475e-28,3.9199999999999999
1.1.11.00095,future_est,sphere,1.0,1,7.7406976324811783e-29,3.9199999999999999
1.1.11.00096,future_est,sphere,1.0,1,2.1323896344255475e-28,3.9199999999999999
1.1.11.00097,future_est,sphere,1.0,1,1.6861901849099127e-28,3.9199999999999999
1.1.11.00098,future_est,sphere,1.0,1,3.7963931063761193e-29,3.9199999999999999
1.1.11.00099,future_est,sphere,1.0,1,2.0929465891644969e-28,3.9199999999999999
1.1.11.00100,future_est,sphere,1.0,1,2.4947726127614498e-28,3.9199999999999999
2.1.11.00001,best_est,sphere,1.0,1,8.0956850398306337e-29,3.9199999999999999
2.1.11.00002,best_est,sphere,1.0,1,8.0956850398306337e-29,3.9199999999999999
2.1.11.00003,best_est,sphere,1.0,1,1.4391781139625834e-28,3.9199999999999999
2.1.11.00004,best_est,sphere,1.0,1,8.5394192990174528e-29,3.9199999999999999
2.1.11.00005,best_est,sphere,1.0,1,1.392832535780849e-28,3.9199999999999999
2.1.11.00006,best_est,sphere,1.0,1,1.3933255738466121e-28,3.9199999999999999
2.1.11.00007,best_est,sphere,1.0,1,3.0075322011551075e-29,3.9199999999999999
2.1.11.00008,best_est,sphere,1.0,1,1.5274319277341841e-28,3.9199999999999999
2.1.11.00009,best_est,sphere,1.0,1,8.9634320355737466e-29,3.9199999999999999
2.1.11.00010,best_est,sphere,1.0,1,1.4238939339239263e-28,3.9199999999999999
2.1.11.00011,best_est,sphere,1.0,1,3.1455828595687846e-29,3.9199999999999999
2.1.11.00012,best_est,sphere,1.0,1,1.4692534359741345e-28,3.9199999999999999
2.1.11.00013,best_est,sphere,1.0,1,1.3252863207712998e-28,3.9199999999999999
2.1.11.00014,best_est,sphere,1.0,1,1.3459939195333514e-28,3.9199999999999999
2.1.11.00015,best_est,sphere,1.0,1,9.0719004100416358e-29,3.9199999999999999
2.1.11.00016,best_est,sphere,1.0,1,2.5342156580225004e-29,3.9199999999999999
2.1.11.00017,best_est,sphere,1.0,1,2.8201777361651172e-29,3.9199999999999999
2.1.11.00018,best_est,sphere,1.0,1,9.1113434553026864e-29,3.9199999999999999
2.1.11.00019,best_est,sphere,1.0,1,1.3883951931889808e-28,3.9199999999999999
2.1.11.00020,best_est,sphere,1.0,1,2.506605526339765e-28,3.9199999999999999
2.1.11.00021,best_est,sphere,1.0,1,1.5086964812351851e-28,3.9199999999999999
2.1.11.00022,best_est,sphere,1.0,1,8.3175521694240432e-29,3.9199999999999999
2.1.11.00023,best_est,sphere,1.0,1,1.8962244009250071e-28,3.9199999999999999
2.1.11.00024,best_est,sphere,1.0,1,8.4802547311258769e-29,3.9199999999999999
2.1.11.00025,best_est,sphere,1.0,1,8.3816471179732504e-29,3.9199999999999999
2.1.11.00026,best_est,sphere,1.0,1,8.5788623442785034e-29,3.9199999999999999
2.1.11.00027,best_est,sphere,1.0,1,8.6281661508548166e-29,3.9199999999999999
2.1.11.00028,best_est,sphere,1.0,1,1.5609585162060771e-28,3.9199999999999999
2.1.11.00029,best_est,sphere,1.0,1,1.8528370511378515e-28,3.9199999999999999
2.1.11.00030,best_est,sphere,1.0,1,1.5067243289721325e-28,3.9199999999999999
2.1.11.00031,best_est,sphere,1.0,1,2.1407712815435208e-28,3.9199999999999999
2.1.11.00032,best_est,sphere,1.0,1,1.3864230409259282e-28,3.9199999999999999
2.1.11.00033,best_est,sphere,1.0,1,1.370645822821508e-28,3.9199999999999999
2.1.11.00034,best_est,sphere,1.0,1,1.3943116499781384e-28,3.9199999999999999
2.1.11.00035,best_est,sphere,1.0,1,9.486052385282667e-29,3.9199999999999999
2.1.11.00036,best_est,sphere,1.0,1,2.048573163245815e-28,3.9199999999999999
2.1.11.00037,best_est,sphere,1.0,1,8.1647103690374722e-29,3.9199999999999999
2.1.11.00038,best_est,sphere,1.0,1,1.4613648269219244e-28,3.9199999999999999
2.1.11.00039,best_est,sphere,1.0,1,1.4317825429761364e-28,3.9199999999999999
2.1.11.00040,best_est,sphere,1.0,1,8.0956850398306337e-29,3.9199999999999999
2.1.11.00041,best_est,sphere,1.0,1,1.3528964524540352e-28,3.9199999999999999
2.1.11.00042,best_est,sphere,1.0,1,1.1625837590694661e-28,3.9199999999999999
2.1.11.00043,best_est,sphere,1.0,1,8.2633179821900987e-29,3.9199999999999999
2.1.11.00044,best_est,sphere,1.0,1,1.4381920378310571e-28,3.9199999999999999
2.1.11.00045,best_est,sphere,1.0,1,8.8253813771600696e-29,3.9199999999999999
2.1.11.00046,best_est,sphere,1.0,1,8.1499192270645782e-29,3.9199999999999999
2.1.11.00047,best_est,sphere,1.0,1,1.8345946427046156e-28,3.9199999999999999
2.1.11.00048,best_est,sphere,1.0,1,1.3070439123380639e-28,3.9199999999999999
2.1.11.00049,best_est,sphere,1.0,1,1.12856413253181e-28,3.9199999999999999
2.1.11.00050,best_est,sphere,1.0,1,1.370645822821508e-28,3.9199999999999999
2.1.11.00051,best_est,sphere,1.0,1,8.1548496077222095e-29,3.9199999999999999
2.1.11.00052,best_est,sphere,1.0,1,1.9810269482362659e-28,3.9199999999999999
2.1.11.00053,best_est,sphere,1.0,1,2.8793423040566931e-29,3.9199999999999999
2.1.11.00054,best_est,sphere,1.0,1,1.3154255594560372e-28,3.9199999999999999
2.1.11.00055,best_est,sphere,1.0,1,2.8004562135345919e-29,3.9199999999999999
2.1.11.00056,best_est,sphere,1.0,1,1.3016204936146695e-28,3.9199999999999999
2.1.11.00057,best_est,sphere,1.0,1,1.3292306252974049e-28,3.9199999999999999
2.1.11.00058,best_est,sphere,1.0,1,1.4012141828988222e-28,3.9199999999999999
2.1.11.00059,best_est,sphere,1.0,1,1.3243002446397736e-28,3.9199999999999999
2.1.11.00060,best_est,sphere,1.0,1,2.1792282506730451e-29,3.9199999999999999
2.1.11.00061,best_est,sphere,1.0,1,1.3805065841367707e-28,3.9199999999999999
2.1.11.00062,best_est,sphere,1.0,1,5.0043363674957936e-28,3.9199999999999999
2.1.11.00063,best_est,sphere,1.0,1,1.5141198999585795e-28,3.9199999999999999
2.1.11.00064,best_est,sphere,1.0,1,7.7702799164269663e-29,3.9199999999999999
2.1.11.00065,best_est,sphere,1.0,1,7.5139001222301374e-29,3.9199999999999999
2.1.11.00066,best_est,sphere,1.0,1,7.9970774266780072e-29,3.9199999999999999
2.1.11.00067,best_est,sphere,1.0,1,1.337119234349615e-28,3.9199999999999999
2.1.11.00068,best_est,sphere,1.0,1,1.3144394833245109e-28,3.9199999999999999
2.1.11.00069,best_est,sphere,1.0,1,8.7070522413769178e-29,3.9199999999999999
2.1.11.00070,best_est,sphere,1.0,1,1.3499382240594565e-28,3.9199999999999999
2.1.11.00071,best_est,sphere,1.0,1,8.5492800603327154e-29,3.9199999999999999
2.1.11.00072,best_est,sphere,1.0,1,8.0266597106237951e-29,3.9199999999999999
2.1.11.00073,best_est,sphere,1.0,1,1.6580870151614142e-28,3.9199999999999999
2.1.11.00074,best_est,sphere,1.0,1,7.8886090522101181e-29,3.9199999999999999
2.1.11.00075,best_est,sphere,1.0,1,8.3816471179732504e-29,3.9199999999999999
2.1.11.00076,best_est,sphere,1.0,1,7.8393052456338048e-29,3.9199999999999999
2.1.11.00077,best_est,sphere,1.0,1,2.439552349395979e-28,3.9199999999999999
2.1.11.00078,best_est,sphere,1.0,1,2.8398992587956425e-29,3.9199999999999999
2.1.11.00079,best_est,sphere,1.0,1,1.4968635676568699e-28,3.9199999999999999
2.1.11.00080,best_est,sphere,1.0,1,1.0072767683540794e-28,3.9199999999999999
2.1.11.00081,best_est,sphere,1.0,1,8.2435964595595734e-29,3.9199999999999999
2.1.11.00082,best_est,sphere,1.0,1,1.0703856407717604e-28,3.9199999999999999
2.1.11.00083,best_est,sphere,1.0,1,2.9483676332635316e-29,3.9199999999999999
2.1.11.00084,best_est,sphere,1.0,1,8.2041534142985228e-29,3.9199999999999999
2.1.11.00085,best_est,sphere,1.0,1,1.497356605722633e-28,3.9199999999999999
2.1.11.00086,best_est,sphere,1.0,1,1.4150192487401899e-28,3.9199999999999999
2.1.11.00087,best_est,sphere,1.0,1,2.6131017485446016e-29,3.9199999999999999
2.1.11.00088,best_est,sphere,1.0,1,7.582925451436976e-29,3.9199999999999999
2.1.11.00089,best_est,sphere,1.0,1,1.8385389472307206e-28,3.9199999999999999
2.1.11.00090,best_est,sphere,1.0,1,2.5440764193377631e-28,3.9199999999999999
2.1.11.00091,best_est,sphere,1.0,1,1.3962838022411909e-28,3.9199999999999999
2.1.11.00092,best_est,sphere,1.0,1,2.4701207094732932e-28,3.9199999999999999
2.1.11.00093,best_est,sphere,1.0,1,1.3933255738466121e-28,3.9199999999999999
2.1.11.00094,best_est,sphere,1.0,1,2.8625790098207466e-28,3.9199999999999999
2.1.11.00095,best_est,sphere,1.0,1,9.2493941137163634e-29,3.9199999999999999
2.1.11.00096,best_est,sphere,1.0,1,7.8491660069490675e-29,3.9199999999999999
2.1.11.00097,best_est,sphere,1.0,1,1.4051584874249273e-28,3.9199999999999999
2.1.11.00098,best_est,sphere,1.0,1,1.5466604122989463e-28,3.9199999999999999
2.1.11.00099,best_est,sphere,1.0,1,1.5555350974826827e-28,3.9199999999999999
2.1.11.00100,best_est,sphere,1.0,1,1.3805065841367707e-28,3.9199999999999999
